id,product_name,price,supplier,source,product_category,keyword,collection_time
1,鱼塘养殖水质监测仪 COD氨氮亚硝酸盐溶解氧PH在线分析仪 鸿光厂家,25000.0,南京鸿光环保科技有限公司,百度爱采购,其他,PH仪,2026-01-17
2,虹润 pH计在线监测仪水库河道工业电极污水ORP酸碱度水质分析检测,1020.0,福建顺昌虹润精密仪器有限公司,百度爱采购,其他,PH仪,2026-01-17
3,PH-3515F 172系列 - 投影仪 用于刀具行业的标准型,,蚌埠羽丰仪器设备有限公司,百度爱采购,其他,PH仪,2026-01-17
4,镐浓度/pH/游离氟在线分析仪 实时数据监测 智能加药系统,98000.0,上海禾工科学仪器有限公司,百度爱采购,其他,PH仪,2026-01-17
5,水质PH值传感器 变送器工业级 余氯监测复合电极酸碱度 ORP检测仪,623.0,山东中天宇信信息技术有限公司,百度爱采购,其他,PH仪,2026-01-17
6,PHSJ-4F型PH计 PH检测套装 台式PH仪 实验室酸度计,3553.0,青岛明博环保科技有限公司,百度爱采购,实验室,PH仪,2026-01-17
7,路博环保 工业在线PH仪 分辨率高 精度高 精准测量PH值,6000.0,青岛恒昌盛旭环保科技有限公司,百度爱采购,其他,PH仪,2026-01-17
8,SX711 PH检测仪 酸度检测仪 便携式PH仪 水质分析仪,1200.0,青岛明博环保科技有限公司,百度爱采购,其他,PH仪,2026-01-17
9,手持土壤检测仪器 鸣乔MQ-SCTR 便携式科研土壤检测仪 土壤PH检测仪,1200.0,山东鸣乔电子科技有限公司,百度爱采购,其他,PH仪,2026-01-17
10,般特PHscan30高精度笔式pH计 便携式标准型式PH仪,550.0,上海高致精密仪器有限公司,百度爱采购,其他,PH仪,2026-01-17
11,PH仪校准实验室中健计量第三方检测机构千斤顶,266.96,中健计量检测（广东）有限公司,百度爱采购,实验室,PH仪,2026-01-17
12,国产PH计玄仪PHT-6000A工业在线PH仪 酸碱度pH值测量仪表0-14pH,889.0,上海玄天环保科技有限公司,百度爱采购,其他,PH仪,2026-01-17
13,实验室PH计酸碱度测定仪 雷磁PHS-2F酸度计 台式PH仪,270.0,青岛辰飞环保科技有限公司,百度爱采购,实验室,PH仪,2026-01-17
14,手持式便携式PH/ORP计_操作简便PH仪_检测仪器配件,2000.0,青岛新业环保科技有限公司,百度爱采购,其他,PH仪,2026-01-17
15,美控品牌PH计酸度计 污水红黑数显电极式PH仪 精度0.5,4599.0,杭州美控自动化技术有限公司,百度爱采购,其他,PH仪,2026-01-17
16,水质ph/电导率综合测试仪 便携式PH酸度计 天尔TE-1800多参数测定仪,2500.0,天尔分析仪 ull有限公司,百度爱采购,其他,PH仪,2026-01-17
17,电导率电极头 便携式电导率仪 水质电导率检测 手持式PH测试仪,1368.0,海乐水质分析仪器（扬州）有限责任公司,百度爱采购,其他,PH仪,2026-01-17
18,HACH哈希CA9300在线PH仪 4-20mA输出Modbus485,7883.0,润凝实业（上海）有限公司,百度爱采购,其他,PH仪,2026-01-17
19,CL200+余氯检测仪 PH仪 游离氯测定仪 ORP测量仪,1600.0,青岛明博环保科技有限公司,百度爱采购,其他,PH仪,2026-01-17
20,代理德国DOSTMANN手持式PH仪 pH7 FOOD COND 70+ OXY 70 PC70+ DHS OXY7,9999.0,天津瑞思拜科技有限公司,百度爱采购,其他,PH仪,2026-01-17
21,联测 pH值自动监测仪工业在线PH仪ph计废水测量,849.0,杭州联测自动化技术有限公司,百度爱采购,其他,PH仪,2026-01-17
22,酸度计 ph数显酸度仪 电子PH仪 ph计测定仪 HI10482 HANNA,3630.0,佛山南北潮电子商务有限公司,百度爱采购,电子,PH仪,2026-01-17
23,华璟 台式多功能水质分析仪 多参数检测pH 值溶解氧浊度氨氮总磷总氮,5800.0,青岛华璟环保科技有限公司,百度爱采购,其他,PH仪,2026-01-17
24,供应 PH-II 手持式气象站 多参数气象观测仪 详情可咨询店内客服,2450.0,天津恒祥泰科技有限公司,百度爱采购,其他,PH仪,2026-01-17
25,日本微量样品pH计 PAL-pH 进口工业在线PH仪 ATAGO爱拓,6500.0,深圳岩濑商业股份有限公司,百度爱采购,其他,PH仪,2026-01-17
26,米科 ph指示控制器 0-14量程可选 多功能在线PH仪,5450.0,杭州米科传感技术有限公司,百度爱采购,其他,PH仪,2026-01-17
27,便携式酸度计 手持式PH计 多功能PH仪 型号：ZRX-31221,,北京中瑞祥科技有限公司,百度爱采购,其他,PH仪,2026-01-17
28,美华仪科技 仪在线PH计/PH仪 型号：MHY-YZY-FSB-163C,,北京美华仪科技有限公司,百度爱采购,其他,PH仪,2026-01-17
29,德国WTW便携式PH仪 PH 3110，适配SenTix41/SenTix81,1.0,厦门仪迈环保科技有限公司,百度爱采购,其他,PH仪,2026-01-17
30,扫描传真一体机办公设备出租 全新彩色复印机租赁 可送货上门,150.0,深圳市诚信达办公设备有限公司,百度爱采购,设备,一体机办公设备,2026-01-17
31,户外广告机 一体机办公设备声音品质好 库存现货,2800.0,南通中视同创科技有限公司,百度爱采购,设备,一体机办公设备,2026-01-17
32,远程会议河北会议一体机办公设备无线投屏白板批注,6800.0,石家庄达林科技有限公司,百度爱采购,设备,一体机办公设备,2026-01-17
33,黑白复印打印一体机设备 办公商用家用彩色复合机 快速高效,99.0,南京谷谷办公设备有限公司,百度爱采购,设备,一体机办公设备,2026-01-17
34,文教办公设备QL-ZZ L21Y立式双屏自助政务一体机订金,980.0,北京钱林恒兴科技股份有限公司,百度爱采购,设备,一体机办公设备,2026-01-17
35,茂 名IM C6000复合机出租 办公设备商用打印彩印一体机租赁,599.0,茂名市粤唯科技有限公司,百度爱采购,设备,一体机办公设备,2026-01-17
36,森克 智能多媒体设备 教学会议一体机 触摸会议办公一体机,2800.0,上海森克电子科技有限公司,百度爱采购,设备,一体机办公设备,2026-01-17
37,旗舰双线版 传真复印一体机 高效办公单位 机构优选设备,39900.0,广州先尚计算机科技有限公司,百度爱采购,设备,一体机办公设备,2026-01-17
38,亿恩设备A4普通纸传真机复印电话一体机中文显示多功能办公,469.8,阜阳亿恩仪器设备有限公司,百度爱采购,设备,一体机办公设备,2026-01-17
39,森克 65寸智能教学一体机办公培训电子白板智慧教室多媒体教学设备,3480.0,广州森克电子有限公司,百度爱采购,设备,一体机办公设备,2026-01-17
40,自助终端机 政务办理查询机 智慧业务办理终端设备 办公大厅一体机,1500.0,河北创赢智能科技有限公司,百度爱采购,设备,一体机办公设备,2026-01-17
41,办公设备租赁厂家 惠普 M429DW黑白激光一体机,90.0,广州忠泰办公设备有限公司,百度爱采购,设备,一体机办公设备,2026-01-17
42,济南办公设备会议室专用智能教学会议触摸一体机十指触摸无线投屏,4500.0,深圳市达林商显科技有限公司,百度爱采购,设备,一体机办公设备,2026-01-17
43,一体机出租 打印机租赁 乐讯办公设备 彩色数码复合机出租,300.0,佛山市禅城区江湾乐讯办公设备经营部,百度爱采购,设备,一体机办公设备,2026-01-17
44,自助政务服务终端设备办公大厅查询核验打印一体机自助终端机定制,3999.0,深圳市享安通科技有限公司,百度爱采购,设备,一体机办公设备,2026-01-17
45,云办公一体机 国产云桌面软件 瘦客户机设备供应,680.0,深圳市天源腾创科技有限公司,百度爱采购,设备,一体机办公设备,2026-01-17
46,绝对值 工控设备 政务金融办公 零售服务终端等行业 10.1寸安卓一体机,1250.0,苏州绝对值智能科技有限公司,百度爱采购,设备,一体机办公设备,2026-01-17
47,自助终端机查询取票打印一体机办公大厅自助服务终端设备定制厂家,2000.0,亚辉世鼎信息科技（北京）有限公司,百度爱采购,设备,一体机办公设备,2026-01-17
48,中异科技 多功能办公设备 75寸触摸电脑一体机,6800.0,郑州中异电子科技有限公司,百度爱采购,设备,一体机办公设备,2026-01-17
49,智能会议平板触摸一体机 远程视频 教学办公设备触摸显示智慧商用,65000.0,甘肃欣叶网络科技有限公司,百度爱采购,设备,一体机办公设备,2026-01-17
50,升降一体机美格视听品牌全新无纸化会议办公设备,120000.0,广州市美格视听科技有限公司,百度爱采购,设备,一体机办公设备,2026-01-17
51,感触feeltouch智能一体机 办公定制服务无忧设备,3800.0,河南品辰智能科技有限公司,百度爱采购,设备,一体机办公设备,2026-01-17
52,蓝光商显65英寸会议一体机 远程网络办公教学设备 触摸屏会议平板,5500.0,四川蓝光商显科技有限公司,百度爱采购,设备,一体机办公设备,2026-01-17
53,学校办公楼宿舍楼一体化废水处理设备 水处理地埋一体机,13000.0,山东广晟环保科技有限公司,百度爱采购,设备,一体机办公设备,2026-01-17
54,食品厂加工企业污水处理设备厂区办公楼生活废水处理一体机装置,9999.0,山东广晟环保科技有限公司,百度爱采购,设备,一体机办公设备,2026-01-17
55,隆炫科技 液晶屏无纸化办公设备智能会议系统一体机超薄升降器,2000.0,成都隆炫科技有限公司,百度爱采购,设备,一体机办公设备,2026-01-17
56,圣兴 专业 双面复印机出租 多功能扫描一体机 办公设备上门安装,198.0,圣兴办公伙伴（广东）商贸有限公司,百度爱采购,设备,一体机办公设备,2026-01-17
57,无 纸化升降一体机 办公系统设备方案 善百智能,1000.0,上海善百智能科技有限公司,百度爱采购,设备,一体机办公设备,2026-01-17
58,8-86英寸会议平板交互式电子教学办公设备一体机86M5,679.0,深圳星河智慧科技有限公司,百度爱采购,设备,一体机办公设备,2026-01-17
59,浩田 立式自助访客机 人证核验登记一体机 楼宇办公来访终端设备,25800.0,广州浩田数码科技有限公司,百度爱采购,设备,一体机办公设备,2026-01-17
60,韦优小区排水盖板 公路排水沟水篦子盖板下水道井盖,26.0,无锡韦优金属构件有限公司,百度爱采购,其他,井盖,2026-01-17
61,钢墩墩不锈钢隐形井盖厂家 定做方形 人形道装饰井 盖,26.0,广东钢墩墩金属制造有限公司,百度爱采购,其他,井盖,2026-01-17
62,排水沟盖板井盖 市政下水道雨水排放 中电可定制产品,45.0,中 ull电力科技有限公司,百度爱采购,其他,井盖,2026-01-17
63,承重型热镀锌钢格板扁钢条焊接钢结构平台踏步板水沟排水篦子井盖,35.0,安平县赛鑫丝网制品有限公司,百度爱采购,其他,井盖,2026-01-17
64,水泥检查井井盖 管道混凝土电缆井 坚固使用 适用于水利工程,190.0,济宁中天杆塔有限公司,百度爱采购,其他,井盖,2026-01-17
65,厂家批发 球墨铸铁防沉降井盖 可调式五防用的,290.0,山东聊城健晖铸造有限公司,百度爱采购,其他,井盖,2026-01-17
66,方形500x500球墨铸铁井盖 安装方便 规格齐全 可加工定制,77.0,山东聊城健晖铸造有限公司,百度爱采购,其他,井盖,2026-01-17
67,球墨井盖源头直供D400/D600全系覆盖 满1000套单价降5%+专车配送,4300.0,山西飞翔铸业有限公司,百度爱采购,其他,井盖,2026-01-17
68,树脂电缆沟盖板 下水道排水沟板 市政雨水篦子井盖 国钰新材 实力大厂,30.0,山东国钰新材料有限公司,百度爱采购,其他,井盖,2026-01-17
69,球墨铸铁圆形井盖500*600 700*800打磨精整 施工便捷 源头定制,10.0,山东繁程金属制品有限公司,百度爱采购,其他,井盖,2026-01-17
70,球墨铸铁d400井盖 国标品质 使用寿命长 厂家直供 稳定防腐,3000.0,晋城市三通铸造有限公司,百度爱采购,其他,井盖,2026-01-17
71,鑫翔铭球墨铸铁井盖800圆形检查井B125化粪池密封井窖承载力强,88.0,山东鑫翔铭钢铁有限公司,百度爱采购,其他,井盖,2026-01-17
72,鑫翔铭球墨铸铁圆井防沉降井盖700*900防滑防响防移位防坠落加厚,106.0,山东鑫翔铭钢铁有限公司,百度爱采购,其他,井盖,2026-01-17
73,附近球墨铸铁井盖厂 DN700重型井盖篦子生产厂电话 鑫翔铭现货速发,115.0,山东鑫翔铭钢铁有限公司,百度爱采购,其他,井盖,2026-01-17
74,华盛 适用于给水工程 隐形井盖 检修口 规格齐全,65.0,常州市华盛环保科技有限公司,百度爱采购,其他,井盖,2026-01-17
75,球墨铸铁五防井盖 圆形方形电力井盖厂家 延时矿山机械,198.0,武安市延时矿山机械有限公司,百度爱采购,机械,井盖,2026-01-17
76,涵硕 DN700球墨铸铁井盖 防锈处理可定制LOGO小区用井 盖 承重能力强,173.0,山东涵硕钢铁有限公司,百度爱采购,其他,井盖,2026-01-17
77,昌驰厂按需定制 球墨铸铁三防五防防沉降井盖 来图来文案加工,210.0,山东昌驰金属材料有限公司,百度爱采购,其他,井盖,2026-01-17
78,供应水泥井盖 可承载压力大结合严密 品质一级,65.0,保定达慧通建材有限公司,百度爱采购,其他,井盖,2026-01-17
79,铭城 防沉降 园区高速主干道 球墨铸铁井盖厂家 700*900*190 带防坠网,363.0,山东铭城金属制品有限公司,百度爱采购,其他,井盖,2026-01-17
80,轻重型 球墨铸铁井盖 450*750 支持定制 符合国标要求,80.0,聊城市金泰来金属制品有限公司,百度爱采购,其他,井盖,2026-01-17
81,钢纤维混凝土检查井盖 圆形 人形辅路水篦子可定制 型号,300.0,成都京盛川贸易有限公司,百度爱采购,其他,井盖,2026-01-17
82,井兴牌复合材料井盖高分子直径400mm重量轻免跷跳响移位等现象,55.0,河北威力东方复合材料有限公司,百度爱采购,其他,井盖,2026-01-17
83,球墨铸铁井盖700x800 国标品质 性能良好 稳定防腐 源头定制,500.0,山西晨晖斯诺尔铸业集团有限公司,百度爱采购,其他,井盖,2026-01-17
84,下水道用圆形球墨铸铁井盖 重型700/800/900雨污水井 盖 现货现,189.0,聊城鑫晨钢铁有限公司,百度爱采购,其他,井盖,2026-01-17
85,泰卓生产树脂复合井盖 市政工程水表电力井检查盖板现货批发,87.0,泊头市泰卓量具制造有限公司,百度爱采购,其他,井盖,2026-01-17
86,球磨铸铁排水管 球墨井盖 及配套设施 新兴铸管,2650.0,广东泽巨钢铁有限公司,百度爱采购,其他,井盖,2026-01-17
87,广 西百色 圆型球墨铸铁井盖 小区电力防坠落盖板 承接工程 恒宥乾 z6,100.0,广西恒宥乾建材有限公司,百度爱采购,其他,井盖,2026-01-17
88,电力通讯球墨铸铁井盖 城市建设排水道路篦子 球墨铸 铁井 盖精选厂 家,126.0,河北源真建材有限公司,百度爱采购,通讯,井盖,2026-01-17
89,不锈钢传递窗定手术室、实验室可用500*480*500支持非标定制,428.0,苏州乐烁净化产品有限公司,百度爱采购,实验室,传递窗,2026-01-17
90,三兴净化 不锈钢 普通 洁净传递窗 降低污染 规格齐全,7500.0,苏州工业园区三兴净化科技有限公司,百度爱采购,洁净,传递窗,2026-01-17
91,药厂传递窗生产厂家 304不锈钢机械互锁紫外杀菌传递柜 净化工程,450.0,瀚美瑞实验室系统设备（苏州）有限公司,百度爱采购,机械,传递窗,2026-01-17
92,远大净化 不锈钢传递窗电子连锁 无尘车间紫外线杀菌机械传递柜,3600.0,苏州市远大净化设备厂,百度爱采购,机械,传递窗,2026-01-17
93,传递窗生产厂家 304不锈钢 机械互锁 紫外杀菌 传递柜 净化工程,450.0,苏州如卡本环保科技有限公司,百度爱采购,机械,传递窗,2026-01-17
94,AS-R-S-2型 手动全半自动 风淋室传递窗 喷嘴口直径26mm 效率99.95%,3000.0,南京伊希欧科技发展有限公司,百度爱采购,其他,传递窗,2026-01-17
95,供应净化传递窗 实验室传递门窗精选工厂直营 优质选材 做工精良,750.0,四川川蜀净化设备有限公司,百度爱采购,实验室,传递窗,2026-01-17
96,手术室沈.阳传递窗 使用安全便捷 双向防护 用材精良,750.0,沈阳广胜彩钢板有限公司,百度爱采购,其他,传递窗,2026-01-17
97,斯迪沃双向传不锈钢传递窗 自净式机械互锁传递 窗生产,1500.0,成都斯迪沃机电设备有限公司,百度爱采购,机械,传递窗,2026-01-17
98,支持定制 钢质净化门气密门 密闭门净化窗 电子互锁传递窗,480.0,山东捷诚门业有限公司,百度爱采购,电子,传递窗,2026-01-17
99,应用于 航空航天 新能源 高密封性 洁净室传递窗 玖特,300.0,山东玖特环境科技有限公司,百度爱采购,洁净,传递窗,2026-01-17
100,拓都净化 风淋传递窗 优质选材 一站式服务 厂家定制,750.0,四川拓都净化设备有限公司,百度爱采购,其他,传递窗,2026-01-17
101,常鑫板业传递物品用洁净室传递窗不锈钢金属支持定制精选商家,120.0,江西常鑫板业有限公司,百度爱采购,洁净,传递窗,2026-01-17
102,201/304传递窗 不锈钢 自净式机械互锁洁净 支持定制,400.0,苏州久扬净化科技有限公司,百度爱采购,机械,传递窗,2026-01-17
103,不锈钢传递窗 实验室净化工程 304材质 无尘车间 源头厂家 中南净化,450.0,苏州中南净化技术有限公司,百度爱采购,实验室,传递窗,2026-01-17
104,药厂食品厂传递窗304不锈钢紫外杀菌电子互锁传递柜支持非标定制,500.0,四川铂悦林实验室设备有限公司,百度爱采购,电子,传递窗,2026-01-17
105,中科美日嵌入式传递箱双门互锁 无尘车间净化设备机械互锁传递窗,880.0,深圳市中科美日净化设备有限公司,百度爱采购,机械,传递窗,2026-01-17
106,传递窗 风淋室 电动互锁感应升降窗食品厂 不锈钢 龙煤,3000.0,山东龙煤工矿机械集团有限公司,百度爱采购,其他,传递窗,2026-01-17
107,洁净室传递窗 机械电子互锁 不锈钢材质 气密性能优,3740.0,扬子江空调集团有限公司,百度爱采购,机械,传递窗,2026-01-17
108,不锈钢电子互锁传递窗工厂批量定制 适用于医院实验室工厂,2450.0,深圳市美日净化科技有限公司,百度爱采购,电子,传递窗,2026-01-17
109,旭康净化 货物风淋室 左右双侧吹淋 自净传递窗厂家,1100.0,重庆旭康净化工程有限公司,百度爱采购,其他,传递窗,2026-01-17
110,风淋传递窗电子互锁医药洁净食品加工实验室传递箱,480.0,广州灵洁空气净化设备制造有限公司,百度爱采购,电子,传递窗,2026-01-17
111,304 201不锈钢落地式传递窗 无尘车间洁净室互锁传递箱 可定制 源泰尔,950.0,深圳市源泰尔洁净室设备有限公司,百度爱采购,洁净,传递窗,2026-01-17
112,取餐传递口提拉窗 学校食堂出菜口铝合金提升窗 可任意悬停,340.0,佛山市鑫阳泰金属科技有限公司,百度爱采购,其他,传递窗,2026-01-17
113,勒盈克嵌入式传递窗 定制加工厂家 机械互锁气密性好,796.0,勒盈 ull辐射防护工程有限公司,百度爱采购,机械,传递窗,2026-01-17
114,冰净洁净室层流净化车间不锈钢洁净机械互锁传递窗,650.0,东莞市冰净科技有限公司,百度爱采购,机械,传递窗,2026-01-17
115,江鸿净化专业生产加工 不锈钢传递窗 厂家直供 品质保证,450.0,苏州江鸿净化科技有限公司,百度爱采购,其他,传递窗,2026-01-17
116,洁净不锈钢传递窗 自动控制 材质加厚 尺寸可定制,1150.0,山东康瑞鑫净化科技有限公司,百度爱采购,洁净,传递窗,2026-01-17
117,医学洁净窗 食品车间使用 机械互锁 304不锈钢传递窗,520.0,洛阳邦途实验室设备有限公司,百度爱采购,机械,传递窗,2026-01-17
118,橘子净化 规格600X600*600mm 304不锈钢 电子互锁传递窗,380.0,德州玉叶春空调设备有限公司,百度爱采购,电子,传递窗,2026-01-17
119,智能药品保险柜 毒麻精药品安全存储 双人权限管理 开柜实时报警,90000.0,郑州瑞孚智能设备有限公司,百度爱采购,其他,保险柜,2026-01-17
120,定制批发 字画存放保管箱大型 隐蔽安装设计 可远程控制 保险柜珠宝柜,450.0,武邑涵美柜业有限公司,百度爱采购,其他,保险柜,2026-01-17
121,防火防磁柜 电子密码 磁带光盘存储 冷轧钢 防盗指纹保险柜样式可定,2500.0,河北兴硕金属制品有限公司,百度爱采购,电子,保险柜,2026-01-17
122,智能一体枪柜 枪支装备保管柜 数字化枪械收纳箱保险柜 全国发货,2500.0,河北中工智能科技有限公司,百度爱采购,其他,保险柜,2026-01-17
123,润鑫 家用保险柜 床头中型指纹密码50cm高保险箱 内饰设计 底部设暗箱,299.0,衡水润鑫钢木家具有限公司,百度爱采购,其他,保险柜,2026-01-17
124,家用小型保险柜 密码锁珠宝柜 钢制保管箱款式,1500.0,衡水东尚金属制品有限公司,百度爱采购,其他,保险柜,2026-01-17
125,盛虎博物馆智能枪柜厂家 防盗柜规格 保险柜尺寸,3200.0,河北盛虎柜业有限公司,百度爱采购,其他,保险柜,2026-01-17
126,银行业务库银行保险柜三类库异地值守智能系统防磁防潮双重保障,24600.0,河北凯祺安防设备有限公司,百度爱采购,其他,保险柜,2026-01-17
127,装备柜 电子器材柜 防暴器材工具保险柜 新财生产厂家,200.0,河北新财柜业有限公司,百度爱采购,电子,保险柜,2026-01-17
128,重型收纳双久小型保险柜厂家档案柜sj-bmg-092,400.0,杭州双久金属科技有限公司,百度爱采购,其他,保险柜,2026-01-17
129,虎牌保险柜 家用首饰保管箱 投币寄存柜 取物操作简单 多种款式定做,450.0,河北特旺柜业有限公司,百度爱采购,其他,保险柜,2026-01-17
130,不锈钢保密柜保险柜办公智能国保指纹电子锁文件档案资料会计柜子,750.0,河北杰顺柜业有限公司,百度爱采购,电子,保险柜,2026-01-17
131,智能枪柜电子密码枪弹柜武器枪支保险柜储物柜,600.0,河北佳诚钢木家具有限公司,百度爱采购,电子,保险柜,2026-01-17
132,电子密码保险柜加厚不锈钢防爆银行金店库房家用外壳钣金加工,71.0,东莞市友联展示科技有限公司,百度爱采购,电子,保险柜,2026-01-17
133,至诚国誉电子密码保险柜 珠宝柜双层对开门支持定制,180.0,乌鲁木齐至诚国誉商贸有限公司,百度爱采购,电子,保险柜,2026-01-17
134,中亿 福瑞2代 指纹密码保险箱防盗 家用办公保险柜,480.0,南京方韬金融设备有限公司,百度爱采购,办公,保险柜,2026-01-17
135,合兴 双开智能枪柜 联网枪械柜防爆枪支保险柜尺寸可订做,2100.0,河北合兴柜业有限公司,百度爱采购,其他,保险柜,2026-01-17
136,保密柜 智能加密文件柜 智能保管柜 电子指纹保险柜,650.0,河北吉亨智能科技有限公司,百度爱采购,电子,保险柜,2026-01-17
137,3c认证办公室电子密码保险柜 贵重物品家用防盗保管箱 支持定制 厂家,420.0,河北裕盛弘钢木家具有限公司,百度爱采购,电子,保险柜,2026-01-17
138,携枪柜保险柜 便携厂家 定制加厚智能枪柜 弹药柜,1150.0,河北博强柜业有限公司,百度爱采购,其他,保险柜,2026-01-17
139,鼎通智能枪柜电子密码枪弹柜武器枪支保险柜储物柜厂家,580.0,河北鼎通金属制品有限公司,百度爱采购,电子,保险柜,2026-01-17
140,全钢防盗·智能指纹家用保险柜 高密度合金柜体 办公家用双场景适用,458.0,洛阳易存智能科技有限公司,百度爱采购,办公,保险柜,2026-01-17
141,歌派双开门电子保密柜 文件加密保险柜 国宝锁文件存放柜 工艺先进,3199.0,郑州金科密源电子技术有限公司,百度爱采购,电子,保险柜,2026-01-17
142,得力（deli）AE132 指纹/电子密码保险柜 保管箱 高80cm 黑 /台,1016.0,河南捌伍陆办公设备有限公司,百度爱采购,电子,保险柜,2026-01-17
143,衡利丰 双开枪弹保险柜 长短枪械柜 智能枪柜 远程控制,2300.0,河北鑫谱金属制品有限公司,百度爱采购,其他,保险柜,2026-01-17
144,电子密码文件柜指纹锁保密柜加厚办公资料档案铁皮柜国保锁保险柜,220.0,河北鑫泉柜业有限公司,百度爱采购,电子,保险柜,2026-01-17
145,钢制保密柜 智能密码柜 密码文件柜 保险柜 认证产品 质量上乘,1470.0,北京金诚恒盛科技有限公司,百度爱采购,其他,保险柜,2026-01-17
146,智能装备柜 电子器材柜 工具柜装备保险柜 规格多样,450.0,河北芳信智能科技有限公司,百度爱采购,电子,保险柜,2026-01-17
147,生产加工保险柜生产厂家 家用办公保险箱 交货周期短,840.0,河北驰兴柜业有限公司,百度爱采购,办公,保险柜,2026-01-17
148,高清管道内窥镜 室内下水道家庭排水管检测 探头IP68 管道检测,2280.0,深圳市东熙汇通科技有限公司,百度爱采购,其他,内窥镜,2026-01-17
149,便携式工业内窥镜-视频成像清晰彩色还原真实-华视G10系列,150000.0,深圳华视内窥镜有限公司,百度爱采购,其他,内窥镜,2026-01-17
150,[现货]Olympus奥林巴斯内窥镜吸引按钮MAJ-207,,成贯仪器（上海）有限公司,百度爱采购,其他,内窥镜,2026-01-17
151,尿道膀胱镜专为泌尿系统检查与微创治疗设计的内窥镜,,徐州市广科新技术发展有限公司,百度爱采购,其他,内窥镜,2026-01-17
152,史克斯全国招商 五官科检查器械 4K内窥镜荧光摄像系统 高清成像,,徐州史克斯光电科技有限公司,百度爱采购,其他,内窥镜,2026-01-17
153,电子下消化道内窥镜 投放合作 分期付款 CE-130,,武汉宏康世纪科技发展有限公司,百度爱采购,电子,内窥镜,2026-01-17
154,现货批发耳鼻喉内窥镜BD-1鼻镜 EJ-1耳内镜 HJ-1喉镜,,徐州市恒大电子有限公司,百度爱采购,其他,内窥镜,2026-01-17
155,五官科国产高清摄像系统医用耳鼻喉内窥镜CS600AI,,武汉汉诺康科技发展有限公司,百度爱采购,其他,内窥镜,2026-01-17
156,光学硬镜骨科关节内窥镜国产【聚美】源头厂家,,江苏聚美电子科技有限公司,百度爱采购,其他,内窥镜,2026-01-17
157,国产医用耳鼻喉内窥镜 检查治疗台 五官科检查内窥 镜综合诊疗台,,徐州凯尔生物科技有限公司,百度爱采购,其他,内窥镜,2026-01-17
158,美创电子胆道内窥镜DD-4220 国产 适用所有人群 全国联保,,上海忆言医疗器械有限公司,百度爱采购,电子,内窥镜,2026-01-17
159,专业医用内窥镜摄像系统宫腔内窥耳鼻喉内 窥镜一台批发,,徐州新拓生物科技有限公司,百度爱采购,其他,内窥镜,2026-01-17
160,成运 电子上消化道内窥镜 胃肠镜检查设备 GVE-2900,,企晟（上海）医疗器械有限公司,百度爱采购,设备,内窥镜,2026-01-17
161,日本进口奥林巴斯胃肠镜上消化道内窥镜 民营代理商 全国皆可发货,,武汉宜美医疗设备有限公司,百度爱采购,其他,内窥镜,2026-01-17
162,喉内窥镜 五官科使用光学硬管镜 诊断检查咽喉部病变 高清 优渥生物,,江苏优渥生物科技有限公司,百度爱采购,其他,内窥镜,2026-01-17
163,高清光学阴道内窥镜妇科私密宫颈检查超清数码电子阴道镜宫内镜,,医宠教育咨询徐州有限公司,百度爱采购,电子,内窥镜,2026-01-17
164,医用检查鼻腔鼻咽部内部 鼻窦内窥镜及附件 多款配置多种规格可选择,,徐州爱迪尔国际贸易有限公司,百度爱采购,其他,内窥镜,2026-01-17
165,奥林巴斯 电子上消化道内窥镜 GIF-H170 高清 智能 简便 灵活,,南昌明晟医疗器械有限公司,百度爱采购,电子,内窥镜,2026-01-17
166,医用高清影像系统 耳鼻喉内窥镜 宫腔 腹腔 膀胱 关节镜 五官科内 窥镜,,徐州市凯尔医学仪器有限公司,百度爱采购,其他,内窥镜,2026-01-17
167,好克 30°宫腔内窥镜 GQ-VA 图像清晰 操作简单 安全可靠,,上海寰春医疗器械有限公司,百度爱采购,其他,内窥镜,2026-01-17
168,奥林巴斯 电子上消化道内窥镜 GIF-H170 (胃镜),,上海灵添医疗器械有限公司,百度爱采购,电子,内窥镜,2026-01-17
169,消化内科用电子上消化道内窥镜 操作简便图像清晰胃肠内窥检查设备,,徐州美康电子设备有限公司,百度爱采购,设备,内窥镜,2026-01-17
170,澳华 电子上消化道内窥镜 与AQ-200配合使用 FHD-GT200J,,企晟（上海）医疗器械有限公司,百度爱采购,电子,内窥镜,2026-01-17
171,阴道镜 一台起批 高清电子阴道内窥镜妇科检查镜一体机,,徐州迪速迈电子科技有限公司,百度爱采购,电子,内窥镜,2026-01-17
172,DD-400型光学内窥镜摄像系统 肛肠双检查系统设备 自带光源,,河南大豆医疗科技有限公司,百度爱采购,设备,内窥镜,2026-01-17
173,奥林巴斯GIF-HQ290 电子上消化道内窥镜 H290等现货,,越晟百克（上海）医疗科技有限责任公司,百度爱采购,电子,内窥镜,2026-01-17
174,一次性使用黏膜切开刀 内窥镜耗材 奥林巴斯TB-0535FC KD-655Q,,北京鹤盛贸易有限公司,百度爱采购,其他,内窥镜,2026-01-17
175,沈大 电切内窥镜QD-2型 宏慷供应 厂家直发 品质保障,,上海宏慷医疗器械有限公司,百度爱采购,其他,内窥镜,2026-01-17
176,供应电切内窥镜理查德沃尔夫 进口医用设备询价,,上海聚慕医疗器械有限公司,百度爱采购,设备,内窥镜,2026-01-17
177,医院管理软件HIS系统 医院办公自动化系统 门急诊划价收费系统,10500.0,河南威斯尔软件科技有限公司,百度爱采购,软件,办公收费系统,2026-01-17
178,物业管理系统 水电收费住宅小区公寓办公商铺出租管理软件平台系统,3980.0,北京好客在线科技有限公司,百度爱采购,软件,办公收费系统,2026-01-17
179,盛辉嘉业智能车牌识别停车收费系统 秒快识 99%高识别率办公楼适用,988.0,北京盛辉嘉业电子科技有限公司,百度爱采购,办公,办公收费系统,2026-01-17
180,小区办公楼高清车牌识别系统一体机停车场收费管理系统,5999.0,深圳市卡联科技股份有限公司,百度爱采购,办公,办公收费系统,2026-01-17
181,阿筑工程管理软件 办公项目管理SaaS云系统 买断按年收费,876.0,西安春辉软件科技有限公司,百度爱采购,软件,办公收费系统,2026-01-17
182,充电桩收费运营云平台 商业办公楼新能源汽车充电管理系统,1000.0,东莞市臻享物联科技有限公司,百度爱采购,办公,办公收费系统,2026-01-17
183,软件定制服务 办公程序开发设计 企业收费管理系统 财务管理系统,6000.0,北京鑫泰维科技发展有限公司,百度爱采购,软件,办公收费系统,2026-01-17
184,领启智能 水电预付费 综合计费系统 商铺、学校、办公楼 手机扫码调试,50000.0,南京领启智能技术有限公司,百度爱采购,办公,办公收费系统,2026-01-17
185,萍 乡扬子多联机计费系统 适用办公楼 维持温度平衡,888.0,赣州星控暖通设备有限公司,百度爱采购,办公,办公收费系统,2026-01-17
186,蓝科 智慧停车场系统定制 办公场所 自动化程度高 收费功能 不易腐蚀,12000.0,合肥蓝科智能起重设备有限公司,百度爱采购,办公,办公收费系统,2026-01-17
187,ip网络对讲系统办公室校园停车场收费站min语音视频对讲报警设备,988.0,中控泰科（北京）科技发展有限公司,百度爱采购,设备,办公收费系统,2026-01-17
188,建筑能耗监测管理系统 办公楼自来水收费系统 远程预付费抄表系统,13700.0,深圳合众致达科技有限公司,百度爱采购,办公,办公收费系统,2026-01-17
189,安科瑞充电桩收费运营云平台 商业办公楼新能源汽车充电管理系统,250000.0,安科瑞电气股份有限公司,百度爱采购,办公,办公收费系统,2026-01-17
190,办公水电预付费系统 AcrelCloud-3200安科瑞远程抄表收费解决方案,125000.0,安科瑞电子商务（上海）有限公司,百度爱采购,办公,办公收费系统,2026-01-17
191,办公收费系统条码打印机亚马逊认证公司 行业内科学商品测试 安博,460.0,深圳安博检测股份有限公司,百度爱采购,办公,办公收费系统,2026-01-17
192,办公楼中央空调分户计费系统-计费系统报价-多联机空调适用,888.0,杭州立辰暖通科技有限公司,百度爱采购,办公,办公收费系统,2026-01-17
193,河南郑州二七 医院信息系统 医院办公自动化系统 门急诊划价收费系统,1.0,河南威斯尔软件科技有限公司,百度爱采购,办公,办公收费系统,2026-01-17
194,诸 城奥克斯多联机计费系统 适用办公楼 维持温度平衡,888.0,赣州星控暖通设备有限公司,百度爱采购,办公,办公收费系统,2026-01-17
195,智能停车场系统厂家 收费功能 办公场所 上门安装 蓝科 提高防护性,12000.0,合肥蓝科智能起重设备有限公司,百度爱采购,办公,办公收费系统,2026-01-17
196,办公收费系统条码打印机亚马逊检测 商品认证 专业科学测试 安博,478.0,深圳安博检测股份有限公司,百度爱采购,办公,办公收费系统,2026-01-17
197,天 津三星多联机计费系统 适用办公楼 维持温度平衡,888.0,赣州星控暖通设备有限公司,百度爱采购,办公,办公收费系统,2026-01-17
198,象 山扬子多联机计费系统 适用办公楼 维持温度平衡,888.0,赣州星控暖通设备有限公司,百度爱采购,办公,办公收费系统,2026-01-17
199,江 门东芝多联机计费系统 适用办公楼 远程温度调整,888.0,赣州星控暖通设备有限公司,百度爱采购,办公,办公收费系统,2026-01-17
200,洛 阳特灵多联机计费系统 适用办公楼 维持温度平衡,888.0,赣州星控暖通设备有限公司,百度爱采购,办公,办公收费系统,2026-01-17
201,九 江特灵多联机计费系统 适用办公楼 维持温度平衡,888.0,赣州星控暖通设备有限公司,百度爱采购,办公,办公收费系统,2026-01-17
202,哈尔 滨美的多联机计费系统 适用办公楼 远程温度调整,888.0,赣州星控暖通设备有限公司,百度爱采购,办公,办公收费系统,2026-01-17
203,嘉 兴三星多联机计费系统 适用办公楼 维持温度平衡,888.0,赣州星控暖通设备有限公司,百度爱采购,办公,办公收费系统,2026-01-17
204,绍 兴奥克斯多联机计费系统 适用办公楼 远程温度调整,888.0,赣州星控暖通设备有限公司,百度爱采购,办公,办公收费系统,2026-01-17
205,海 口天加多联机计费系统 适用办公楼 维持温度平衡,888.0,赣州星控暖通设备有限公司,百度爱采购,办公,办公收费系统,2026-01-17
206,重 庆海信多联机计费系统 适用办公楼 远程温度调整,888.0,赣州星控暖通设备有限公司,百度爱采购,办公,办公收费系统,2026-01-17
207,道路1吨压路机 草坪泥土压实机 工程回填压道机,26400.0,金乡县华驰工程机械有限公司,百度爱采购,压实,压路机,2026-01-17
208,小型压路机1吨3吨震动座驾沥青草坪压实压土机,4300.0,山东翔工机械有限公司,百度爱采购,压实,压路机,2026-01-17
209,哈威重工冲击碾压机YP30 梅花碾压路机 204kw功率齐全规格,68000.0,河南哈威重工科技有限公司,百度爱采购,其他,压路机,2026-01-17
210,路工机械设备 梅花碾冲击压路机 规模生产 筑路工艺精湛,63600.0,河南省路工机械设备有限公司,百度爱采购,机械,压路机,2026-01-17
211,启明星 全液压压路机 道路压平机械 修路设备 运行平稳 货源充足,10000.0,山东启明星机械设备有限公司,百度爱采购,机械,压路机,2026-01-17
212,STORIKE/SDBM两吨小型压路机双钢轮全液压操作,3000.0,山东奔马工程机械有限公司,百度爱采购,其他,压路机,2026-01-17
213,道路压实机械 驾驶式振动压实机 小型压路机出租,6666.0,徐州市华通公路工程机械有限公司,百度爱采购,机械,压路机,2026-01-17
214,柴油座驾压路机沟槽回膜压实机 全液压震动冲击式压土机,4099.0,山东东程机械制造有限公司,百度爱采购,压实,压路机,2026-01-17
215,YLJ-2T座驾式双钢轮压路机 全液压双驱动碾实机 利亨多种款式,23000.0,山东利亨机械集团有限公司,百度爱采购,其他,压路机,2026-01-17
216,单钢轮压路机 8吨沥青路面土方压实机 支持定做,13000.0,山东诺特机械有限公司,百度爱采购,压实,压路机,2026-01-17
217,徐工集团1吨双钢轮座驾式振动压路机电喷水电启动转弯灵活,25000.0,济宁路安机械有限公司,百度爱采购,其他,压路机,2026-01-17
218,震动冲击式压路机 篮球场压实压平机 实体工厂,10000.0,山东思拓瑞克工程机械有限公司,百度爱采购,压实,压路机,2026-01-17
219,回填土手扶座驾式压路机1吨2吨3吨6吨8吨10吨压路压实机,5000.0,山东捷克机械有限公司,百度爱采购,压实,压路机,2026-01-17
220,绿地租赁专业出租263236吨压路机 羊角碾 可定制,10000.0,徐州绿地工程机械租赁有限公司,百度爱采购,其他,压路机,2026-01-17
221,小型手扶式单钢轮压路机，小柴油手扶工程压实机,8303.0,山东骄之力机械设备有限公司,百度爱采购,压实,压路机,2026-01-17
222,全国小型压路机品牌排行 匠工手扶双轮厂家 低价销售,6800.0,山东匠工机械有限公司,百度爱采购,其他,压路机,2026-01-17
223,小型震动双轮压土机驾驶路面机械全液压微型压路机,14500.0,山东宏浩机电设备制造有限公司,百度爱采购,机械,压路机,2026-01-17
224,小型座驾压路机 道路施工冲击式压土机 结构简单,6500.0,济宁亚科机械设备有限公司,百度爱采购,其他,压路机,2026-01-17
225,小型座驾压路机 驾驶式双钢轮 后轮辅助 性价比高,11800.0,山东翔工机械有限公司,百度爱采购,其他,压路机,2026-01-17
226,科瑞机械 双钢轮压路机 地下室压实设备 安全性能高,9800.0,山东科瑞机械设备有限公司,百度爱采购,机械,压路机,2026-01-17
227,鼎东手扶双轮 液压震动钢轮小型压土机 座驾压路机,11000.0,济宁鼎东机械设备有限公司,百度爱采购,其他,压路机,2026-01-17
228,鼎东座驾式双驱振动压路机 马路路面整平设备,11000.0,济宁鼎东机械设备有限公司,百度爱采购,设备,压路机,2026-01-17
229,聚仁压路机 压路器小钢轮 钢轮小型压土机设备,12000.0,山东聚仁机械有限公司,百度爱采购,设备,压路机,2026-01-17
230,鼎东压路机 座驾液压震动压实机 手扶式压土机,11700.0,济宁鼎东机械设备有限公司,百度爱采购,压实,压路机,2026-01-17
231,小型压路机厂家 微型单双钢轮回填路面用 CE质量认证,9562.0,中旺机械装备（山东）有限公司,百度爱采购,其他,压路机,2026-01-17
232,质量稳定 冲击式压路机 售后服务用心 厂家直售 艾迪尔,8600.0,徐州艾迪尔机械科技有限公司,百度爱采购,其他,压路机,2026-01-17
233,小型压路机 手扶 / 座驾可选 庭院 / 乡村道路压实 厂家直售,15000.0,山东恒旺重工机械设备有限公司,百度爱采购,压实,压路机,2026-01-17
234,压路机沥青路面压实压土机座驾柴油振动压实机,9125.0,山东奥莱机械有限公司,百度爱采购,压实,压路机,2026-01-17
235,艾立克 座驾式压路机 双驱振动碾 新压实机小型单轮,11000.0,山东艾立克工程机械有限公司,百度爱采购,压实,压路机,2026-01-17
236,行驶模式灵活 全向叉车 高负载能力 适用于大型仓库 常宝盛,68000.0,常州常宝盛叉车有限公司,百度爱采购,其他,叉车,2026-01-17
237,前移式电动叉车 门架堆高车 仓库搬运车 省时省力,70000.0,成都山野机械设备有限公司,百度爱采购,其他,叉车,2026-01-17
238,电调光膜PET基材专业生产商 诺力叉车品质保证 环保材料,60.0,深圳市通利健科技有限公司,百度爱采购,其他,叉车,2026-01-17
239,丰田原装进口1.5吨平衡重叉车 两节门架标准提升3米,5800.0,上海永恪叉车有限公司,百度爱采购,其他,叉车,2026-01-17
240,3.6吨重型电动托盘车 晟煜叉车 升高1440mm 新能源便携式叉 车,7600.0,山西华康机械制造有限公司,百度爱采购,其他,叉车,2026-01-17
241,BYD平衡重式叉车CPD16S 三支点锂电池搬运车 电动叉车 规格齐全,100000.0,无锡市名勋叉车有限公司,百度爱采购,其他,叉车,2026-01-17
242,新能源电动叉车 晟煜机械制造 多吨位车搬运车 载重强 支持验厂,8500.0,山西中跃机械制造有限公司,百度爱采购,机械,叉车,2026-01-17
243,高位拣选叉车 电机驱动车 装载装卸搬运 应用范围广,5800.0,重庆鼎尚力叉车销售有限公司,百度爱采购,装载,叉车,2026-01-17
244,2吨多功能电动叉车 仓储地牛小型搬运堆高车 厂家直发,8800.0,山东山鼎工程机械集团有限公司,百度爱采购,其他,叉车,2026-01-17
245,升降车 结构稳固 应用于仓库运输 CPD-20叉车 聚壹环保,10000.0,陕西聚壹环保科技有限公司,百度爱采购,其他,叉车,2026-01-17
246,防爆式全电动堆高车 电动叉车 货物搬运工具车 厂家直供 特恒旺,37800.0,特恒旺工业设备（武汉）有限公司,百度爱采购,其他,叉车,2026-01-17
247,叉车16吨 动力装卸加高加厚升降运输快 复达机械,320000.0,泉州市复达机械设备有限公司,百度爱采购,机械,叉车,2026-01-17
248,站驾式全电动叉车 搬运堆垛车 手扶站立式堆高车,2300.0,邢台市卓讯机械厂,百度爱采购,其他,叉车,2026-01-17
249,堆高车 1.5吨电动叉车小型 可用于仓库货架 实力工厂,6000.0,济宁山江工程机械有限公司,百度爱采购,其他,叉车,2026-01-17
250,座驾式小型2.5吨叉车 多功能液压搬运车 升降平稳,29000.0,郓城通畅机械设备有限公司,百度爱采购,其他,叉车,2026-01-17
251,4吨新能源叉车厂商 2吨电动堆高车 性能优越售后质保 东程机械,18900.0,山东东程机械制造有限公司,百度爱采购,机械,叉车,2026-01-17
252,四轮起升2.5吨电动叉车工业托盘搬运车液压升降座驾式新能源叉车,10000.0,山东捷茂机械有限公司,百度爱采购,其他,叉车,2026-01-17
253,小型电动叉车2吨全自动液压升降堆高搬运座驾式新能源电瓶叉车,8250.0,中旺机械装备（山东）有限公司,百度爱采购,其他,叉车,2026-01-17
254,奥莱 户外用搬运设备 柴油四驱堆高车 山地搬运货物用越野叉车,44000.0,山东奥莱机械有限公司,百度爱采购,设备,叉车,2026-01-17
255,山立重工全地形10吨柴油四驱越野叉车 搬运堆高装卸一机多用,100800.0,山东山立重工机械有限公司,百度爱采购,其他,叉车,2026-01-17
256,FUDAFDM8150-15T 四轮驱动15吨前移式越野叉车,420000.0,泉州市复达机械设备有限公司,百度爱采购,其他,叉车,2026-01-17
257,禹尧 电动叉车 高效灵活 安全可靠 厂家供应1020kg,8000.0,上海禹尧机电科技有限公司,百度爱采购,其他,叉车,2026-01-17
258,工程建设用四驱搬运车 工地货物举高运输车 多功能内燃式越野叉车,22000.0,山东山鼎工程机械集团有限公司,百度爱采购,其他,叉车,2026-01-17
259,艾立克 内燃式柴油四驱越野叉车 3吨堆高装卸货车 工地装卸堆高车,44500.0,山东艾立克工程机械有限公司,百度爱采购,其他,叉车,2026-01-17
260,附近叉车临时卸货电话 装卸搬运机械 造纸货物装卸 欢迎致电,200.0,深圳市亿立达设备租赁有限公司,百度爱采购,机械,叉车,2026-01-17
261,聚仁电动叉车 大功率四轮座驾式搬运车地牛 液压锂电小型叉车,18400.0,山东聚仁机械有限公司,百度爱采购,其他,叉车,2026-01-17
262,电动叉车 3吨2吨1吨小型新能源电叉车 四轮装卸升降堆高车,4980.0,济宁亿涵工程机械有限公司,百度爱采购,其他,叉车,2026-01-17
263,山地柴油越野叉车 5吨建筑工程耐磨专用叉 车 工地利器,8000.0,山东鼎源机械设备有限公司,百度爱采购,其他,叉车,2026-01-17
264,聚仁 内燃式柴油四驱越野叉车 建筑工地装卸设备 内燃装卸车,44100.0,山东聚仁机械有限公司,百度爱采购,设备,叉车,2026-01-17
265,ci5500小字符喷码机 数字标志图形打码机 线缆建材油墨喷印机,50000.0,广州市蓝新机电设备有限公司,百度爱采购,其他,喷墨打印机,2026-01-17
266,纸箱大幅面信息表UV喷码机智能在线流水线零OVC环保墨打码印刷机,48000.0,苏州欧码喷印技术有限公司,百度爱采购,其他,喷墨打印机,2026-01-17
267,数码卷筒印刷机喷墨打印机宽幅标签机惠佰数科HB-6000,56600.0,合肥惠佰数码科技有限公司,百度爱采购,其他,喷墨打印机,2026-01-17
268,爱普生 CW-C6030P 不干胶彩色喷墨打印机 食品药品化工标签 带剥离器,200.0,深圳市零达时代科技有限公司,百度爱采购,其他,喷墨打印机,2026-01-17
269,A4宽幅卷筒喷墨打印机 轮胎不干胶标签打印 爱普生6530,56600.0,合肥惠佰数码科技有限公司,百度爱采购,其他,喷墨打印机,2026-01-17
270,惠普Tank531/675/755惠彩连供打印一体机商用办公家用喷墨打印机,1399.0,北京云祥鼎泰科技有限公司,百度爱采购,办公,喷墨打印机,2026-01-17
271,爱普生7520高速全彩色喷墨打印机 高清彩色不干胶标签打印机,53000.0,绍兴振北标签科技有限公司,百度爱采购,其他,喷墨打印机,2026-01-17
272,爱普生TM-C3520 带切纸 超高速工业级 喷墨打印机 彩色标签打印机厂家,75.0,深圳市银顺达科技有限公司,百度爱采购,其他,喷墨打印机,2026-01-17
273,映美 G301/G302WA4/A5自动双面 凭证电子发票喷墨打印机,1100.0,厦门兴道盛电子技术有限公司,百度爱采购,电子,喷墨打印机,2026-01-17
274,惠普（hp）531 内置连供无线彩色喷墨打印机办公多功能一体机,1600.0,成都讯雷科技有限责任公司,百度爱采购,办公,喷墨打印机,2026-01-17
275,化工宽幅不干胶标签打印机 泛越高速高清全彩色喷墨打印机,49600.0,泛越材料科 ull有限公司,百度爱采购,其他,喷墨打印机,2026-01-17
276,赢彩 大型装饰画打印机设备 星光晶瓷画UV打印机 彩绘uv喷墨机,98000.0,济南赢彩数码科技有限公司,百度爱采购,设备,喷墨打印机,2026-01-17
277,uv平板打印机 色彩亮丽清晰度高 彩色喷墨印刷设备不限材质 神彩,70000.0,山东神彩电子科技有限公司,百度爱采购,设备,喷墨打印机,2026-01-17
278,SUSS MicroTec进口PiXDRO高级研究型喷墨打印机LP50,111.0,深圳市现代豪方仪器仪表科技有限公司,百度爱采购,其他,喷墨打印机,2026-01-17
279,照片彩色喷墨打印机WIFI无线一体机家用复印机,4680.0,广州市伟太计算机科技有限公司,百度爱采购,其他,喷墨打印机,2026-01-17
280,罗兰 大幅面交通标识喷墨打印机 TrueVIS VF2-640 高速彩色喷墨,180000.0,上海世之谦数码科技有限公司,百度爱采购,其他,喷墨打印机,2026-01-17
281,汉印彩色喷墨打印机V1 简约百搭 更灵活 更便携,886.25,广州旭雅文化发展有限公司,百度爱采购,其他,喷墨打印机,2026-01-17
282,卷筒标签喷墨打印机 防水耐刮保存时间久 惠佰数科,198000.0,安徽惠佰医疗科技有限公司,百度爱采购,其他,喷墨打印机,2026-01-17
283,恩泰3200理光导带彩印机 UV固化喷墨打印机 彩白一体数码印刷机,40000.0,临沂恩泰数码科技有限公司,百度爱采购,其他,喷墨打印机,2026-01-17
284,华乐 打印设备密封圈 延长设备使用寿命 喷墨打印机密封件 AFLAS,20.0,东莞市华乐密封技术开发有限公司,百度爱采购,设备,喷墨打印机,2026-01-17
285,惠普（HP）喷墨打印机T830 A1 四色大幅面多功能一体机 一键蓝图,20000.0,北京圣运星通科技有限公司,百度爱采购,其他,喷墨打印机,2026-01-17
286,供应MST喷墨打印机JP-410系列速度高达 60m/min,15900.0,重庆津泽机电科技有限公司,百度爱采购,其他,喷墨打印机,2026-01-17
287,兄弟彩色喷墨打印机T420/426W/226/725/425复印扫描一体机连供式,1213.0,阜阳菲勒科技有限公司,百度爱采购,其他,喷墨打印机,2026-01-17
288,EPSON爱普生L8168 A4墨仓式6色高端照片一体机照片相片喷墨打印机,3480.0,陕西易企采办公自动化有限公司,百度爱采购,其他,喷墨打印机,2026-01-17
289,爱普生 L3251/L3253/L3151/3153墨仓式家用学生作业喷墨打印机,1125.0,颍上卓越电子商务有限公司,百度爱采购,其他,喷墨打印机,2026-01-17
290,热敏干式喷墨胶片打印机DR拍片机用图像清晰液体墨水,100.0,山东华锐影像设备有限公司,百度爱采购,其他,喷墨打印机,2026-01-17
291,供应代理德国staiger喷墨打印机 双稳态电磁阀 先导式安全阀,2354.0,赫尔纳贸 ull有限公司,百度爱采购,其他,喷墨打印机,2026-01-17
292,爱普生彩色喷墨打印机 L3556 L3558 高速无线复印扫描一体机,2848.0,阜阳菲勒科技有限公司,百度爱采购,其他,喷墨打印机,2026-01-17
293,德国REINER喷墨打印机墨盒JETSTAMP990 操作简便,11900.0,天津英特格智能科技有限公司,百度爱采购,其他,喷墨打印机,2026-01-17
294,衬塑管道基体碳素钢管 内衬热塑性工程塑料 防腐抗压,,河北恒泰管道装备制造有限公司,百度爱采购,其他,塑料材料,2026-01-17
295,PETG T110 耐高温 高透明 挤出注塑级 韩国SK 共聚聚酯塑胶材料,36.0,东莞市利隆工程塑料有限公司,百度爱采购,其他,塑料材料,2026-01-17
296,ASA防腐树脂瓦 农村自建房别墅屋檐专用 农业温室隔热塑料材料,8.0,佛山市弘骏建材科技有限公司,百度爱采购,其他,塑料材料,2026-01-17
297,厂家批发树脂瓦 一体瓦别墅屋檐景观亭用 农业温室隔热塑料材料,10.0,佛山市南海鹰拓建材有限公司,百度爱采购,其他,塑料材料,2026-01-17
298,美特本色黑色TPV颗粒TPU环保标准料注塑挤出加工全国供应,25.0,张家港市美特高分子材料有限公司,百度爱采购,其他,塑料材料,2026-01-17
299,日本出光 PC树脂 URC2501 聚碳酸酯塑料材料销售,33.0,上海沃成盈贸易有限公司,百度爱采购,其他,塑料材料,2026-01-17
300,基础创新PEI 4001-7402耐磨增强注塑塑料材料,136.0,东莞市天之鸿塑化有限公司,百度爱采购,其他,塑料材料,2026-01-17
301,韩国LG化学 PC Lupoy 1201-15 低粘度聚碳酸酯塑料材料代理商,20.0,东莞市华韵塑胶原料有限公司,百度爱采购,其他,塑料材料,2026-01-17
302,美国安特普 PPA塑料材料 4085 A TFE 15 自润滑 高温尼龙塑料,40.0,上海靓润国际贸易有限公司,百度爱采购,其他,塑料材料,2026-01-17
303,注塑级 PEI 基础创新塑 ull 8015-BR3218 高流动 低烟雾 塑料材料,48.5,东莞市开源塑胶原料有限公司,百度爱采购,其他,塑料材料,2026-01-17
304,ABS 日本东丽 470Y 耐热级塑料 高性能工程塑料材料,22.0,东莞市铭汇塑胶有限公司,百度爱采购,其他,塑料材料,2026-01-17
305,沙伯基础 原GE PPO WCD891B 聚苯醚塑料材料代理商,25.0,苏州腾杰诚国际贸易有限公司,百度爱采购,其他,塑料材料,2026-01-17
306,TOTTE聚碳酸酯PC 乐天化学PC-1100U 注塑级 耐候 塑料材料,20.7,上海塑之美高分子材料有限公司,百度爱采购,其他,塑料材料,2026-01-17
307,美国首诺 PA66树脂 Vydyne R633H01 聚酰胺66塑料材料厂商,29.21,上海钊禾塑化有限公司,百度爱采购,其他,塑料材料,2026-01-17
308,PCK-1300日本帝人透明级抗冲击注塑级塑料材料供应,18.0,上海沙吧克国际贸易有限公司,百度爱采购,其他,塑料材料,2026-01-17
309,PBT GF30 工程塑料 高刚性料 高性能工程材料 冲击性能增强,13.8,苏州普特思电子材料有限公司,百度爱采购,其他,塑料材料,2026-01-17
310,沙伯基础品牌PC FL920透明注塑级标准塑料材料,35.0,东莞市铭宏塑料科技有限公司,百度爱采购,其他,塑料材料,2026-01-17
311,阻燃pa66塑料 瑞士EMS PA66 TSG-35 高流动性电子电气塑料材料,29.5,苏州丰聚特塑化有限公司,百度爱采购,电子,塑料材料,2026-01-17
312,ABS塑料 TAIRILAC®台化AG15E1-H 通用级 高光泽 高刚性 性价比材料,12.8,东莞市华鲲塑胶原料有限公司,百度爱采购,其他,塑料材料,2026-01-17
313,ULTEM PEI 基础创新塑 ull 2400 注塑级 40%玻纤增强 阻燃 电子材料,117.0,阳江鑫汇达塑胶有限公司,百度爱采购,电子,塑料材料,2026-01-17
314,基础创新塑料PC 945-701 抗冲击 无卤阻燃 耐高温 工业部件材料,23.0,上海优诚国际贸易有限公司,百度爱采购,其他,塑料材料,2026-01-17
315,聚酰亚胺树脂批发 高硬度 绝缘阻燃航天级专用材料 特种工程塑料 泛特,30.0,南京泛特特种材料有限公司,百度爱采购,其他,塑料材料,2026-01-17
316,PC 121R-701基础创新塑料 低粘度 高冲击 聚碳酸酯材料,17.0,上海和宏诚塑胶科技有限公司,百度爱采购,其他,塑料材料,2026-01-17
317,PHA塑料 生物降解材料PHBV粉末 加工领域宽 韧性大 羟基丁酸共聚物,69.0,北京美斯顿科技开发有限公司,百度爱采购,其他,塑料材料,2026-01-17
318,PA66 基础创新塑 ull RFL-4548 RCL-4536 BK 注塑级 增强材料,43.0,东莞市铭盛塑胶原料有限公司,百度爱采购,其他,塑料材料,2026-01-17
319,基础创新塑料 琥珀色 PEI塑胶颗粒 高抗冲 高耐热 金属代用材料,80.0,东莞市亿思科塑胶有限公司,百度爱采购,其他,塑料材料,2026-01-17
320,PBT K4560 基础创新塑料 注塑级 高冲击 水解稳定 30%玻纤增强材料,22.0,广州玖顺新材料有限公司,百度爱采购,其他,塑料材料,2026-01-17
321,厂家供应 阻燃 耐磨 透明PEI塑料 电子电器部件材料 按需改性加工,75.0,东莞市普瑞斯塑胶原料有限公司,百度爱采购,电子,塑料材料,2026-01-17
322,奇美耐候AS塑料PN-117H L150FG 注塑级食品级材料,17.5,东莞市塑铭塑胶原料有限公司,百度爱采购,其他,塑料材料,2026-01-17
323,彩色复印机 激光胶片打印机 不干胶印刷机 惠佰数科HB-C5000,10800.0,合肥惠佰数码科技有限公司,百度爱采购,其他,复印机,2026-01-17
324,图片高清百年不掉色 理光打印复印机一体机 可提供上门改装业务,25000.0,石门县雨林瓷像设备中心,百度爱采购,其他,复印机,2026-01-17
325,专业出租复印机 彩色打印一体机短期长期租赁 免费全包售后服务,200.0,深圳市诚信达办公设备有限公司,百度爱采购,其他,复印机,2026-01-17
326,得力M221N黑白A3打印机激光大型办公国产复印机,6999.0,郑州金科密源电子技术有限公司,百度爱采购,办公,复印机,2026-01-17
327,联想CM7120W 彩色激光打印机一体机/复印机无线网络办公家用A4,2849.0,北京正方康特信息技术有限公司,百度爱采购,办公,复印机,2026-01-17
328,京 ull2554ci a3彩色打印机复印机高速扫描一体机商用办公,21600.0,郑州华旗信息技术有限公司,百度爱采购,办公,复印机,2026-01-17
329,上 海复印机出租 惠普高速A3打印机销售租赁 宝进办公设备,199.0,上海宝进办公设备有限公司,百度爱采购,设备,复印机,2026-01-17
330,惠普/HP E78323dn 管理型彩色激光复印机 便捷操控,32500.0,成都捷航科技发展有限公司,百度爱采购,其他,复印机,2026-01-17
331,顺基DP-3118A数码复印机出租 优选办公打印设备租赁商家,300.0,成都顺基办公设备有限责任公司,百度爱采购,设备,复印机,2026-01-17
332,学校自助打印复印机现货银医通医院自助缴费终端挂号取检验报告,6500.0,河北创赢智能科技有限公司,百度爱采购,其他,复印机,2026-01-17
333,ABS 韩国LG EF-378 无卤阻燃 复印机 打印机 办公室设备应用,30.0,东莞市创仕塑胶原料有限公司,百度爱采购,设备,复印机,2026-01-17
334,柯尼卡美能达 KONICA MINOLTA bizhub 225i A3黑白复印机a3a4打印机,6499.0,万聚国际（杭州）供应链有限公司,百度爱采购,其他,复印机,2026-01-17
335,扫描复印一体化彩色数码复印机A3复合机租赁出租 双面打印双面复印,200.0,成都达锦煜科技发展有限公司,百度爱采购,其他,复印机,2026-01-17
336,夏普（SHARP）MX-B6581D A3黑白数码复印机 多功能办公复合机,87800.0,北京云祥鼎泰科技有限公司,百度爱采购,办公,复印机,2026-01-17
337,震旦AD369s 多功能复印 ull,33000.0,云南众拓科技有限公司,百度爱采购,其他,复印机,2026-01-17
338,自动复印机厂家 实力较高 品质较好 品质优异，不容错过,2000.0,广州浩田数码科技有限公司,百度爱采购,其他,复印机,2026-01-17
339,韩国LG PC/ABS GN5008LF 无卤阻燃 复印机 办公设备材料,22.6,东莞市常平龙成新材料经营部,百度爱采购,设备,复印机,2026-01-17
340,Kumho ABS韩国锦湖HFA705HI 超高耐候 电脑显示器 复印机,23.6,东莞市聚隆塑胶原料有限公司,百度爱采购,其他,复印机,2026-01-17
341,彩色复印机租赁 柯尼卡美能达 C226数码复合机,100.0,广州忠泰办公设备有限公司,百度爱采购,其他,复印机,2026-01-17
342,得力M201CRx A3彩色多功能复印机 打印/复印/扫描 20页/ 分钟 国产信创,25000.0,郑州铁信智慧商贸有限公司,百度爱采购,其他,复印机,2026-01-17
343,富士胶片Apeos4570CPS黑白复印机租赁 富士施乐激光复印打印机,1250.0,雍荷（上海）办公设备有限公司,百度爱采购,其他,复印机,2026-01-17
344,Sharp/夏普复印机耗材 SF-238CT碳粉墨粉粉盒复印机,130.0,济南飞宇办公设备有限公司,百度爱采购,其他,复印机,2026-01-17
345,彩色多功能复印机 打印机出租 九成新以上机器,228.0,广州恒新数码科技有限公司,百度爱采购,其他,复印机,2026-01-17
346,复印机部件材料 PC 日本出光 AZ1900 阻燃 耐热 高韧性,28.0,上海贤顺塑化有限公司,百度爱采购,其他,复印机,2026-01-17
347,美国泰科纳易加工耐化学复印机应用LCP塑胶原料A130,88.0,东莞市樟木头蓝桥塑胶原料经营部,百度爱采购,其他,复印机,2026-01-17
348,南 通教科 全新供应黑白多功能复合机 复印机租赁 打印机业务,230.0,南通教科办公设备有限公司,百度爱采购,其他,复印机,2026-01-17
349,柯尼卡美能达C226i 彩色打印机柯美激光复印机信安租赁价,3996.0,深圳市信安云信息技术有限公司,百度爱采购,其他,复印机,2026-01-17
350,理光MPC4504 打印机出租 复印机租赁 全国多个服务站 日租起,99.0,深圳市韦弗科技有限公司,百度爱采购,其他,复印机,2026-01-17
351,惠普（HP）办公商用 m439nda a3a4 黑白激光复印机扫描机一体机,8000.0,厦门兴道盛电子技术有限公司,百度爱采购,办公,复印机,2026-01-17
352,广清产业园打印机出租 如果您需要一台高质量的复印机，请选择租赁,280.0,清远市万之泰信息科技有限公司,百度爱采购,其他,复印机,2026-01-17
353,奥豪斯CP114电子天平 精密天平仪器 实验室衡器,5520.0,青岛明博环保科技有限公司,百度爱采购,电子,天平仪,2026-01-17
354,天马TDK系列大称量天平可充电高精度天平仪器TD10K-0.0110kg0.01g,11600.0,天津天马衡基仪器有限公司,百度爱采购,其他,天平仪,2026-01-17
355,QUINTIX612-1CN赛多利斯天平 610g 0.01g实验室天平仪器,14600.0,苏州金钻称重设备系统开发有限公司,百度爱采购,实验室,天平仪,2026-01-17
356,赞维 电子分析天平 万分之一 分析天平仪器 专业定制,900.0,上海赞维衡器有限公司,百度爱采购,电子,天平仪,2026-01-17
357,实验室分析天平0.1mg电子天平万分之一高精密分析天平仪器0.0001g,4300.0,四川中柯衡器有限公司,百度爱采购,电子,天平仪,2026-01-17
358,实验室分析天平0.01mg电子天平十万分之一高精密分析天平仪器,8000.0,湖南沐恒衡器有限公司,百度爱采购,电子,天平仪,2026-01-17
359,巨天EX防爆电子天平仪器，0.001g~30kg，加工定制,3500.0,巨鼎天衡（苏州）称重设备有限公司,百度爱采购,电子,天平仪,2026-01-17
360,JA系列电子精密天平（千分之一） 实验室分析天平仪器 卡斯特仪器,650.0,山东卡斯特仪器有限公司,百度爱采购,电子,天平仪,2026-01-17
361,赛多利斯电子BSA224S 否 检测重量 精密天平仪器 0.1ml,9900.0,北京澎昆博远科贸发展有限责任公司,百度爱采购,电子,天平仪,2026-01-17
362,赛多利斯电子天平 SECURA224-1CN 进口称量天平仪器,,济南欧莱博技术有限公司,百度爱采购,电子,天平仪,2026-01-17
363,热重分析仪 热稳定性与组份分析 TGA-103橡塑产品 热分析天平,55000.0,上海准权仪器设备有限公司,百度爱采购,其他,天平仪,2026-01-17
364,德国赛多利斯BSA系列 外部校准精密分析天平 四级防震高精度天平仪,8616.0,青岛明成环保科技有限公司,百度爱采购,其他,天平仪,2026-01-17
365,PUCHUN/浦春 JE系列普及型电子天平仪器 JE1002/2002计重秤,220.0,沧州筑龙工程仪器有限公司,百度爱采购,电子,天平仪,2026-01-17
366,江|西天平仪器校准 测量检测 第三方仪器检测校准公司 检测速度快,99.0,天权计量检测技术（深圳）有限公司,百度爱采购,其他,天平仪,2026-01-17
367,电子天平万分之一 高精密分析天平仪器 双量程精密电子天平 FA2004,1530.0,佛山南北潮电子商务有限公司,百度爱采购,电子,天平仪,2026-01-17
368,赛多利斯Secura2102-1CN电子天平2100g 0.01g实验室天平仪器,34000.0,金博仕（苏州）生物技术有限公司,百度爱采购,电子,天平仪,2026-01-17
369,沈 阳实验室仪器 电子天平FA2004 万分之一 现货,1850.0,沈阳科瑞永兴化玻仪器有限公司,百度爱采购,电子,天平仪,2026-01-17
370,煤工业成分水分、灰分、挥发份，内置梅特勒天平的自动工业分析仪,3200.0,鹤壁市立德仪器仪表有限公司,百度爱采购,其他,天平仪,2026-01-17
371,舜宇恒平触摸屏测定仪AE22002P电子硬质泡沫含水吸水率天平仪,8580.0,杭州微米派科技有限公司,百度爱采购,电子,天平仪,2026-01-17
372,OHAUS/奥豪斯BSA224s进口高精度分析天平仪器,16500.0,北京楚齐仪表有限责任公司,百度爱采购,其他,天平仪,2026-01-17
373,赛多利斯BSA124S电子分析天平0.1mg实验室万分之一电子天平仪器,6000.0,苏州霖焱达电子科技有限公司,百度爱采购,电子,天平仪,2026-01-17
374,cole-parmer进口电子天平仪器 0.001g实验室精密顶载天平10001-11,1.28,广州市赛拓仪器科技有限公司,百度爱采购,电子,天平仪,2026-01-17
375,越平电子分析天平 万分之一电子天平仪器FA1004B,1800.0,青岛科恩惠仪器有限公司,百度爱采购,电子,天平仪,2026-01-17
376,全自动电子天平 内校触摸屏分析 万分之一高精度测量仪器,3600.0,青岛路博创科环保有限公司,百度爱采购,电子,天平仪,2026-01-17
377,防爆电子天平 工业分析天秤称 显示精度 仪展厂家,2200.0,上海仪展衡器有限公司,百度爱采购,电子,天平仪,2026-01-17
378,ME103电子天平 进口精密千分之一天平仪器 实验室电子仪器,7300.0,武汉提沃克科技有限公司,百度爱采购,电子,天平仪,2026-01-17
379,万分之一分析天平 高精度实验室分析天平仪器 0.1mg数显大屏稳定快,670.0,广西中采有色冶金科技有限公司,百度爱采购,实验室,天平仪,2026-01-17
380,CNAS认可天平仪器校准证书法定计量授权一年 全国服务,75.9,广东博计计量检测技术有限公司,百度爱采购,其他,天平仪,2026-01-17
381,【昇特】成 都三方校准机构电子天平仪器检定外校证书,52.0,四川佰昇特科技有限公司,百度爱采购,电子,天平仪,2026-01-17
382,恒久 大剂量热天平仪 物质的相变、分解、化合、质量变化等测量,1.0,北京恒久实验设备有限公司,百度爱采购,其他,天平仪,2026-01-17
383,交通安全标志牌 警示牌 交通安全标志 华众 安全标识,220.0,山东冠县华众交通设施有限公司,百度爱采购,其他,安全标识,2026-01-17
384,不锈钢警示牌 承压强防变形 厂家批发供应 管道安全标识 怀志,5.0,无棣县怀志交通设施有限公司,百度爱采购,其他,安全标识,2026-01-17
385,咏策 安全标识标牌 连接紧密结构稳定 支持来图来样,88.0,河南咏策交通工程有限公司,百度爱采购,其他,安全标识,2026-01-17
386,PVC警示胶带 超亮安全标识 绝缘性好 品种多样 品质优先 加厚材质,3.2,成都宇大科技有限公司,百度爱采购,其他,安全标识,2026-01-17
387,反光玻璃钢安全标识 燃气安全警告标牌 加工性能好 严选材料,95.0,北京路博安交通设施有限公司,百度爱采购,其他,安全标识,2026-01-17
388,云际 交通安全标识 电力玻璃钢警示桩生产厂家 易安装,12.0,河北云际环保设备有限公司,百度爱采购,其他,安全标识,2026-01-17
389,交通安全标识 玻璃钢电网标志桩 良好的材质 石油化工管道标识,11.5,河北欣冀电力设备有限公司,百度爱采购,其他,安全标识,2026-01-17
390,斜拉线警示灯 电力施工防撞安全标识 太阳能爆闪灯,1999.0,浙江尚为照明有限公司,百度爱采购,其他,安全标识,2026-01-17
391,混凝土标识桩 安全标识 下有管道警示桩 水泥标志桩,20.0,河北瑞鑫恒通管道装备制造有限公司,百度爱采购,其他,安全标识,2026-01-17
392,铝制喷塑反光安全标识 路硕 标志牌 道路施工提示警示牌,80.0,沧州路硕交通设施有限公司,百度爱采购,其他,安全标识,2026-01-17
393,定制交通标志牌 市政公路施工安全标识 防水防晒耐磨道路指示牌,80.0,沧州路宽交通设施有限公司,百度爱采购,其他,安全标识,2026-01-17
394,欣浩厂家片式轮廓标安全标识底部设计格子加厚加重,4.0,邯郸市丛台区欣浩交通设施经销处,百度爱采购,其他,安全标识,2026-01-17
395,瑞鑫恒通120cm水泥警示桩 百米里程碑圆柱界碑 埋地安装安全标识,10.0,河北瑞鑫恒通管道装备制造有限公司,百度爱采购,其他,安全标识,2026-01-17
396,鑫悦明 隔离警示带 15cm 宽 安全标识 坑洼地段做提醒,50.0,河北悦明电力设备科技有限公司,百度爱采购,其他,安全标识,2026-01-17
397,安全标识下有电缆严禁开挖玻璃钢警示桩 地埋标志桩,15.0,河北瑞鑫恒通管道装备制造有限公司,百度爱采购,其他,安全标识,2026-01-17
398,欣浩 圆形轮廓标 夜间反光警示标 玻璃钢安全标识 黄白色双面诱导标,2.0,邯郸市丛台区欣浩交通设施经销处,百度爱采购,其他,安全标识,2026-01-17
399,交通标志杆 标志牌 警示 安全标识 来电定制 鑫熙机械制造,130.0,盐山鑫熙机械制造有限公司,百度爱采购,机械,安全标识,2026-01-17
400,乡镇公路交通标志杆 桥梁 Q235 道路安全标识 指引宣传 捷丰,102.0,冠县捷丰交通设施有限公司,百度爱采购,其他,安全标识,2026-01-17
401,专业生产 盒装警戒带 安全标识 安 全施工警示带 尺寸定制,10.0,河北博铭电力设备有限公司,百度爱采购,其他,安全标识,2026-01-17
402,盒装盘式安全警示带管道电力工地用安全标识,0.26,沧州潞牛科技有限公司,百度爱采购,其他,安全标识,2026-01-17
403,黑黄反光挡车柱交通安全防撞设施安全标识耐腐蚀钢管警示柱,35.0,河北瑞鑫恒通管道装备制造有限公司,百度爱采购,其他,安全标识,2026-01-17
404,厂家加工玻璃钢标志桩交通安全标识柱批发警示牌FRP界桩,10.0,枣强鑫鹏玻璃钢有限公司,百度爱采购,其他,安全标识,2026-01-17
405,交通限速圆标志牌铝板反光高速施工封道路立式安全标识厂家,43.0,佛山市英鹏九州门业有限公司,百度爱采购,其他,安全标识,2026-01-17
406,高韧性锰钢轮廓标 道路边界反光警示标 交通设施安全标识规格可定制,14.0,河北卫瀚环保设备有限公司,百度爱采购,其他,安全标识,2026-01-17
407,高压电缆警示桩 交通安全标识 颜色内容可定制 鲜亮的外观 鑫茂洋,13.0,河北鑫茂洋新材料科技有限公司,百度爱采购,其他,安全标识,2026-01-17
408,前方道路施工警示牌反光安全标识交通标志牌铝板告示牌高速,10.0,河北潞赞交通设施有限公司,百度爱采购,其他,安全标识,2026-01-17
409,鑫龙玻璃钢 交通安全标识 颜色内容可定制 强度高,10.0,枣强县鑫龙玻璃钢有限公司,百度爱采购,其他,安全标识,2026-01-17
410,电力电缆标志桩 燃气管道警示桩 定制地埋式安全标识 星通制造,18.0,枣强广丰环保设备有限公司,百度爱采购,其他,安全标识,2026-01-17
411,减速慢行警示牌前方学校厂区车辆进入小孩出入交通安全标识指示牌,22.0,南昌盛亚交通设施有限公司,百度爱采购,其他,安全标识,2026-01-17
412,禁止通行反光立杆禁止掉头减速慢行警示牌80限速交通道路安全标识,66.0,广东益宙交通实业有限公司,百度爱采购,其他,安全标识,2026-01-17
413,研旭 双有源全桥 斩波电路实验 电力电子技术实验台,40000.0,南京研旭电气科技有限公司,百度爱采购,电子,实验台,2026-01-17
414,DYT017 离心泵综合实验台 水泵串并联实验装置 大有仪器厂实验设备,300.0,上海大有仪器设备有限公司,百度爱采购,设备,实验台,2026-01-17
415,轴对中训练器 (AS500)轴校正实验台 对中实训平台-联轴器对中仪,4850.0,昆山汉吉龙测控技术有限公司,百度爱采购,其他,实验台,2026-01-17
416,全钢实验台 大量现货并提供设计生产安装一站式服务,1000.0,苏州赛益鑫实验设备有限公司,百度爱采购,其他,实验台,2026-01-17
417,设计全钢实验台 杰信 生物理化学实验操作台 口碑良好,550.0,河北杰信实验设备有限公司,百度爱采购,其他,实验台,2026-01-17
418,瀚美瑞 边柜实验台 全钢 钢木 源头厂家 支持定制 耐酸碱 学校医院检验室,770.0,瀚美瑞实验室系统设备（苏州）有限公司,百度爱采购,其他,实验台,2026-01-17
419,化验室钢木中央台 实验台 耐酸碱腐蚀 定制服务,360.0,山东业创实验设备有限公司,百度爱采购,其他,实验台,2026-01-17
420,实验室家具实验台生产厂家 耐酸碱承重强 科研试验用 可定制 天天z7,300.0,湖北省天天实验室设备有限公司,百度爱采购,实验室,实验台,2026-01-17
421,实验室PP实验台化学试验台工作台全钢厂家定制,800.0,山东鑫盛实验室设备科技有限公司,百度爱采购,实验室,实验台,2026-01-17
422,专业定做实验室化验室实验台操作台实验桌供货商,950.0,苏州明熙实验设备有限公司,百度爱采购,实验室,实验台,2026-01-17
423,百博 全钢实验台 大学石油化工食品生物实验室 设计施工一站式,200.0,菏泽百博实验室设备有限公司,百度爱采购,实验室,实验台,2026-01-17
424,工厂定制 钢木试验台中央实验台 高质量 价优 按需供应,500.0,石家庄晟宜科技有限公司,百度爱采购,其他,实验台,2026-01-17
425,全钢实验台 生产厂家 规格款式齐全 医护实验通用 盛泰瑞,950.0,天津盛泰瑞科技有限公司,百度爱采购,其他,实验台,2026-01-17
426,东方远诚 实验台 实验室用 全钢材质 多款实验桌 可按需定制,500.0,河北远诚家具有限公司,百度爱采购,实验室,实验台,2026-01-17
427,瑞博钢木实验台化学试验台工作台中央边台操作台,800.0,浙江瑞博实验设备有限公司,百度爱采购,其他,实验台,2026-01-17
428,钢木实验台 试验台操作台 耐腐蚀酸碱 实芯理化板 免费设计 源头厂家,440.0,苏州如卡本环保科技有限公司,百度爱采购,其他,实验台,2026-01-17
429,双彬实验台全钢试验边台实验中央台操作台室,530.0,浙江双彬自动化科技有限公司,百度爱采购,其他,实验台,2026-01-17
430,实验台定制 康大试验台 医院专用 来图定制 品质优,1050.0,江苏康大医疗科技有限公司,百度爱采购,其他,实验台,2026-01-17
431,垚鑫科技 实验台 科研院校 工厂 专用 实验室检测必备,5000.0,青岛垚鑫智能科技有限公司,百度爱采购,实验室,实验台,2026-01-17
432,卧式推力滑动轴承实验台 双跨弹性支撑滑 动轴承实 验台,100.0,山东鑫澳机械有限公司,百度爱采购,其他,实验台,2026-01-17
433,钢木实验台 全钢边台操作台 实验中央台通风柜,550.0,山东山泰重工机械有限公司,百度爱采购,其他,实验台,2026-01-17
434,教师演示台学生实验台理化生实验室中央台钢木实 验台供应厂家,780.0,广州科东实验室设计有限公司,百度爱采购,实验室,实验台,2026-01-17
435,实验室设备厂家 全钢实验台 高质量 试验台高校专用 海森特,500.0,河北海森特实验室设备有限公司,百度爱采购,设备,实验台,2026-01-17
436,A6实验台 全自动多功能综合测试台 气密性测试设备,1000.0,天津市特斯达食品机械科技有限公司,百度爱采购,设备,实验台,2026-01-17
437,实验台厂家 一站式设计定制安装 选材优质 工艺先进,500.0,北京蔚蓝新实验室科技有限公司,百度爱采购,其他,实验台,2026-01-17
438,理化教学不锈钢实验台 用于化工行业 承重度高 诚信服务 一研精密,5000.0,常州一研精密科技有限公司,百度爱采购,其他,实验台,2026-01-17
439,PVFE实验室实验台 生物检测机构 耐酸碱腐蚀 源头厂家 支持定制,2200.0,河南省硕科实业有限公司,百度爱采购,实验室,实验台,2026-01-17
440,圣睿钢木实验台 科研院校适用 多年质保全国发货,220.0,宁波圣睿智能科技有限公司,百度爱采购,其他,实验台,2026-01-17
441,全钢实验台厂家 实验室中央操作台工作台 材质可选 免费设计 中南净化,470.0,苏州中南净化技术有限公司,百度爱采购,实验室,实验台,2026-01-17
442,玻璃结晶皿平底耐高温60 90 100 125 150 180mm 实验器皿具嘴圆皿,10.0,河南沃林仪器设备有限公司,百度爱采购,其他,实验器皿,2026-01-17
443,熔融一体石英带盖固体样品槽高精度不开胶实验器皿比色皿厂家定制,960.0,宜兴市晶科光学仪器有限公司,百度爱采购,其他,实验器皿,2026-01-17
444,俊英石 四通光螺口比色皿 熔融一体实验器皿 支持定制,150.0,宜兴市俊英石玻璃仪器有限公司,百度爱采购,其他,实验器皿,2026-01-17
445,螺纹铝套流动池 光程实验器皿 生化流动器 厂家定制,400.0,宜兴市新屹仪器有限公司,百度爱采购,其他,实验器皿,2026-01-17
446,芯硅谷 高硼硅玻璃 具挂钩的圆底烧瓶 单口 实验器皿耐热耐腐蚀 R3145,57.0,上海阿拉丁生化科技股份有限公司,百度爱采购,其他,实验器皿,2026-01-17
447,鸿昊 PP实验台厂商 设备生产厂家 抗重抗冲击 放置玻璃实验器皿,600.0,重庆鸿昊实验室设备有限公司,百度爱采购,设备,实验器皿,2026-01-17
448,labcopeLC-21012细胞培养皿无菌直径35 60 100 150mm实验器皿,,上海臻诺生物科技有限公司,百度爱采购,其他,实验器皿,2026-01-17
449,华科 pp药品柜酸碱样品器皿柜 实验室化学品安全柜 多种规格免费定制,280.0,河北华科实验设备有限公司,百度爱采购,实验室,实验器皿,2026-01-17
450,广胜 承重强 药 品安全器皿使用 化学品储存PP柜 实验室液体存放,2080.0,广胜科技无锡有限公司,百度爱采购,实验室,实验器皿,2026-01-17
451,定制PP试剂柜 实验室化学防腐蚀四门器皿药品柜 资质齐全,560.0,河北杰信实验设备有限公司,百度爱采购,实验室,实验器皿,2026-01-17
452,LUMI PP药品柜实验室试剂柜 化验室器皿柜比较耐酸碱,1500.0,广州禄米实验室设备科技有限公司,百度爱采购,实验室,实验器皿,2026-01-17
453,如卡本净化科技实验室器皿柜 试剂柜 全钢药品柜 试验仪器柜,800.0,苏州如卡本环保科技有限公司,百度爱采购,实验室,实验器皿,2026-01-17
454,【双久】PP柜耐酸碱实验柜供应实验室仪器柜器皿柜批发,420.0,杭州双久金属科技有限公司,百度爱采购,实验室,实验器皿,2026-01-17
455,pp试剂柜 实验室器皿柜 盐酸硝酸硫酸药品柜 耐酸化验室家具厂家批发,1305.0,广州科东实验室设计有限公司,百度爱采购,实验室,实验器皿,2026-01-17
456,全钢器皿柜 实验室药品柜 化学试剂柜 无缝焊接,1100.0,河北海森特实验室设备有限公司,百度爱采购,实验室,实验器皿,2026-01-17
457,赛科赛斯模块化实验台器皿柜 抽屉式设计精工细作,820.0,成都赛科赛斯实验室设备有限公司,百度爱采购,其他,实验器皿,2026-01-17
458,实验室器皿 100L 控温精准安全试验 双层反应釜 央迈科技,1650.0,合肥央迈科技仪器有限公司,百度爱采购,实验室,实验器皿,2026-01-17
459,实验室全木药品柜化验专用样品柜试剂柜器皿柜,980.0,瀚美瑞实验室系统设备（苏州）有限公司,百度爱采购,实验室,实验器皿,2026-01-17
460,【东英实验】定制 实验室化学药品柜 耐腐蚀PP器皿柜,1200.0,江苏东英实验设备有限公司,百度爱采购,实验室,实验器皿,2026-01-17
461,韦斯 三氯化氮采样装置 实验室器皿 盐酸分离装置,5000.0,安徽韦斯实验设备有限公司,百度爱采购,实验室,实验器皿,2026-01-17
462,惠达仪器 不锈钢坩埚夹 转移高温容器实验室加持器具专用,200.0,天津市惠达实验仪器有限公司,百度爱采购,实验室,实验器皿,2026-01-17
463,实验室化学试剂柜 样品化验室仪器柜 鑫恒锐 全钢器皿柜,800.0,无锡市鑫恒锐实验设备有限公司,百度爱采购,实验室,实验器皿,2026-01-17
464,禄米 实验室化验室试剂柜 全钢器皿柜药品柜 实验设备,1400.0,广州禄米实验室设备科技有限公司,百度爱采购,设备,实验器皿,2026-01-17
465,PP器皿柜 制药业化学实验室专用 耐强酸碱腐蚀,70.0,山东业创实验设备有限公司,百度爱采购,实验室,实验器皿,2026-01-17
466,医院PP药品柜 化学化工试剂柜 实验室器皿柜,1300.0,山东龙煤工矿机械集团有限公司,百度爱采购,实验室,实验器皿,2026-01-17
467,垚鑫科技 实验室通风柜 器皿柜 试剂柜 支持定制,2900.0,青岛垚鑫实验室科技有限公司,百度爱采购,实验室,实验器皿,2026-01-17
468,博森 实验室器皿 小型金属浴 体积小，重量轻，便于移动和携带 201006,5800.0,上海木辰生物科技有限公司,百度爱采购,实验室,实验器皿,2026-01-17
469,梓图 PP样品柜 化学实验品防腐蚀器皿柜 耐酸碱实验室试剂柜定制,900.0,苏州梓图实验室科技有限公司,百度爱采购,实验室,实验器皿,2026-01-17
470,PP试剂柜 实验室样品柜药品柜器皿柜 多种规格支持定制,1200.0,郑州诚志实验室装备工程技术有限公司,百度爱采购,实验室,实验器皿,2026-01-17
471,实验室钢制器皿柜 化学实验台试剂柜 安装便捷 稳定性好,1700.0,广州福兴实验室设备科技有限公司,百度爱采购,实验室,实验器皿,2026-01-17
472,WOL 洁净实验台生产定制 实验室专用设备 高端 品质,1200.0,广州沃霖实验室设备有限公司,百度爱采购,设备,实验室专用设备,2026-01-17
473,变风量文丘里阀 实验室专用设备 新景sunking源头生产厂家,8888.0,深圳市新景环境技术有限公司,百度爱采购,设备,实验室专用设备,2026-01-17
474,领峰K12物理仪器柜A款 高中物理准备室实验室专用设备,3666.0,上海领峰实业有限公司,百度爱采购,设备,实验室专用设备,2026-01-17
475,巴跃BA-DCY12G型氮吹仪 实验室专用设备 吹扫捕集,15000.0,长沙巴跃仪器有限公司,百度爱采购,设备,实验室专用设备,2026-01-17
476,各种类型实验台 不同材质实验室设备定制生产 实验室专用设备 尚嘉,350.0,郑州尚嘉实验室装备有限公司,百度爱采购,设备,实验室专用设备,2026-01-17
477,定制实验台实验室专用设备多种规格型号可选满足需求,500.0,山东鑫广实验设备科技有限公司,百度爱采购,设备,实验室专用设备,2026-01-17
478,实验室专用设备厂家直销 钢木实验台工作台 学校实验室操作台,680.0,广东新魅实验室科技有限公司,百度爱采购,设备,实验室专用设备,2026-01-17
479,钢木实验台全钢试验边台中央操作台化学实验室 专用设备,800.0,河北鸿皆实验室仪器科技有限公司,百度爱采购,设备,实验室专用设备,2026-01-17
480,垚鑫科技 实验室专用 通风柜 耐酸碱通风设备 数字显示设备,9800.0,青岛垚鑫智能科技有限公司,百度爱采购,设备,实验室专用设备,2026-01-17
481,全钢通风柜 化学实验室专用排风设备 高效排风,330.0,瀚美瑞实验室系统设备（苏州）有限公司,百度爱采购,设备,实验室专用设备,2026-01-17
482,通风橱柜 疾控中心实验室通风柜 化验室专用通风设备 业创,146.0,山东业创实验设备有限公司,百度爱采购,设备,实验室专用设备,2026-01-17
483,厂家生产 实验室整体通风设备 PP通风柜 检测专用 规格尺寸可定制,3500.0,东莞贺利士实验室工程有限公司,百度爱采购,设备,实验室专用设备,2026-01-17
484,智卓优创通风柜 实验室专用 支持定制排风设备,4000.0,河南智卓优创实验室系统工程有限公司,百度爱采购,设备,实验室专用设备,2026-01-17
485,通风实验室设备 实验室建设规划方案书 实验室专用通风设备,5000.0,深圳市金宝来科技有限公司,百度爱采购,设备,实验室专用设备,2026-01-17
486,全钢通风柜实验室家具排气设备专用排风化学抽风柜耐强酸碱通风橱,560.0,深圳市联合实验室工程装备有限公司,百度爱采购,设备,实验室专用设备,2026-01-17
487,中央边台实验室设备厂家 技术支持 支持 大学院校专用 定制加工,1200.0,正定县鸿佳实验室装备销售有限公司,百度爱采购,设备,实验室专用设备,2026-01-17
488,1-74微米实验室专用涡轮气流分选分级机 高精设备,100000.0,四川巨子粉体设备有限公司,百度爱采购,设备,实验室专用设备,2026-01-17
489,实验室专用污水处理设备 中小型检验科废水处理器 自动化 杰鲁特,10000.0,山东杰鲁特环保科技有限公司,百度爱采购,设备,实验室专用设备,2026-01-17
490,纯气与气路系统 实验室专用 供气安全可靠 设备先进,18900.0,广州双恒实验室科技有限公司,百度爱采购,设备,实验室专用设备,2026-01-17
491,欧嘉实验室落地式通风柜 实验室专用排风设备 全钢结构,100.0,北京欧嘉实验室设备有限公司,百度爱采购,设备,实验室专用设备,2026-01-17
492,福兴品牌实验室专用家具 落地式净化工程设备组合,950.0,广州福兴实验室设备科技有限公司,百度爱采购,设备,实验室专用设备,2026-01-17
493,伟琴DRB-3.6KW电热板 实验室专用加热设备 220V功率30,2600.0,鹤壁市伟琴仪器仪表有限公司,百度爱采购,设备,实验室专用设备,2026-01-17
494,湖南锡海实验室家具设备定制 PCR实验室专用边台,850.0,广州锡海净化科技有限公司,百度爱采购,设备,实验室专用设备,2026-01-17
495,大型实验室专用乳化机 高剪切乳化罐 酸奶加工专用均质乳化设备,7800.0,山东澳华机械制造有限公司,百度爱采购,设备,实验室专用设备,2026-01-17
496,学校物理试验台 全钢中央操作台 实验室专用设备,1000.0,天津盛泰瑞科技有限公司,百度爱采购,设备,实验室专用设备,2026-01-17
497,学校实验室专用去离子纯化水设备双级反渗透+EDI超纯水系统,4720.0,品誉机械（济宁）有限公司,百度爱采购,设备,实验室专用设备,2026-01-17
498,化学实验室专用污水处理设备 | 高浓度废水降解 + 达标排放 厂家供应,21500.0,山东锋澜科环保设备有限公司,百度爱采购,设备,实验室专用设备,2026-01-17
499,博洋定制 化验室污水灭活设备 诊所专用小型实验室污水处理装置,8600.0,山东博洋环保水处理设备有限公司,百度爱采购,设备,实验室专用设备,2026-01-17
500,15T单级反渗透设备 实验室制药厂专用 预处理+RO膜 可上门调试 崇源,9900.0,山东崇源环保科技有限公司,百度爱采购,设备,实验室专用设备,2026-01-17
501,实验室专用超纯水设备 RO+EDI双净化 水质稳定供应 金碧源售后完善,26000.0,苏州金碧源环保设备有限公司,百度爱采购,设备,实验室专用设备,2026-01-17
502,阳瑞理学SmartLab-u系列灰白实验室仪器 26℃工作温度匠心之作,10.0,广州阳瑞仪器科技有限公司,百度爱采购,实验室,实验室仪器,2026-01-17
503,同广TG中小城镇饮用水处理实验设备-环境工程高校实验室教学仪器,1000.0,上海同广科教仪器有限公司,百度爱采购,设备,实验室仪器,2026-01-17
504,Stemcell磁力架 进口平替碳环智造5ml磁力仪器 细胞分选强磁磁力 架,2400.0,碳环智造（深圳）科技有限公司,百度爱采购,其他,实验室仪器,2026-01-17
505,低频高阻尼隔振平台|精密仪器|实验室/半导体设备专用光学平台,3100.0,贝尔金减振设备制造（深圳）有限公司,百度爱采购,设备,实验室仪器,2026-01-17
506,全自动微波消解仪 实验室高通量微波消解仪器 蓝景LJ-WB4,100.0,山东蓝景电子科技有限公司,百度爱采购,实验室,实验室仪器,2026-01-17
507,静电纺丝实验室仪器 运行稳定 应用范围广 欢迎选购,2688.0,青岛斯备宁智能设备有限公司,百度爱采购,实验室,实验室仪器,2026-01-17
508,理化生准备室 实验室仪器 售后无忧 值得信赖品质有保障,100000.0,广东广视通科教设备有限公司,百度爱采购,实验室,实验室仪器,2026-01-17
509,源头工厂 规格齐全 普通化学实验室 教学仪器 菏 泽百博,3200.0,菏泽百博实验室设备有限公司,百度爱采购,实验室,实验室仪器,2026-01-17
510,蒸馏测定装置 盐水测定仪器 500ml可定制 实验室玻璃仪器,750.0,南京腾辉实验科技有限公司,百度爱采购,实验室,实验室仪器,2026-01-17
511,DC150-1氮吹仪 温度控制仪器 水浴氮吹控制仪器 实验室样品浓缩仪,4080.0,福州奥研实验器材有限责任公司,百度爱采购,实验室,实验室仪器,2026-01-17
512,解剖实验室厂家 教学仪器厂家 恒华实验室 义务教育实验室设备厂家,1000.0,辽宁恒华实验室设备制造有限公司,百度爱采购,设备,实验室仪器,2026-01-17
513,炬菁 生物实验室仪器设备 整体方案设计 生产安装厂家,38000.0,广东炬菁教学设备有限公司,百度爱采购,设备,实验室仪器,2026-01-17
514,哈希第三方检测机构实验室用水质分析仪器、现场+实验室检测组合,11100.0,洛阳洛汝给水净水设备有限公司,百度爱采购,实验室,实验室仪器,2026-01-17
515,赛默飞MiniAmp Plus PCR仪热循环仪实验室仪器,1888.0,嘉兴市南湖区东栅街道伍源实验分析仪器经营部,百度爱采购,实验室,实验室仪器,2026-01-17
516,石英坩埚 实验室石英仪器 石英仪器,15.0,山东龙煤工矿机械集团有限公司,百度爱采购,实验室,实验室仪器,2026-01-17
517,手持光谱仪 金属元素光谱分析仪器 实验室检测仪,188000.0,赢洲科技（上海）有限公司,百度爱采购,实验室,实验室仪器,2026-01-17
518,组培室建设设计 组培仪器 组培设备 组培实验室,9999.0,济南格艾特仪器设备有限公司,百度爱采购,设备,实验室仪器,2026-01-17
519,腾昊组培室设计 组培实验室规划 无菌培养室 组培仪器,450.0,历城区凯正实验仪器销售中心,百度爱采购,实验室,实验室仪器,2026-01-17
520,实验仪器辅助设备 天鑫能加热/ 分离物质/试管/称量实验室仪器,8.0,鹤壁市天鑫煤质化验设备厂,百度爱采购,设备,实验室仪器,2026-01-17
521,数显 卧式折痕挺度试验仪 DRK106 德瑞克实验室仪器,100000.0,山东德瑞克仪器股份有限公司,百度爱采购,实验室,实验室仪器,2026-01-17
522,实验室全套仪器现货兴晟仪器建筑用混凝土含气量测定仪,300.0,河北兴晟仪器设备有限公司,百度爱采购,实验室,实验室仪器,2026-01-17
523,广惠仪器 全套混凝土搅拌站实验室试验仪器 仪器设备,48000.0,河北广惠试验仪器有限公司,百度爱采购,设备,实验室仪器,2026-01-17
524,便携式红外测油仪 智能分光测油仪器实验室水质分析仪,51000.0,天津天尔环保科技有限公司,百度爱采购,实验室,实验室仪器,2026-01-17
525,实验室光催化仪器 光催化平行反应仪 光化学反应仪器,15000.0,长沙巴跃仪器有限公司,百度爱采购,实验室,实验室仪器,2026-01-17
526,实验室恒温热量仪 化验热值大卡仪器 自动化程度 支持看厂,6000.0,河南省泰富仪器仪表有限公司,百度爱采购,实验室,实验室仪器,2026-01-17
527,aWLife进口水分活度仪 企业食品厂学校实验室仪器,130000.0,青岛圣吉仪器系统有限公司,百度爱采购,实验室,实验室仪器,2026-01-17
528,爱色丽Ci60便携式分光光度仪进口实验室仪器,30000.0,东莞市凯得科技有限公司,百度爱采购,实验室,实验室仪器,2026-01-17
529,凯科煤炭智能定硫仪自动测硫仪实验室分析仪器,6000.0,鹤壁市凯科分析仪器有限公司,百度爱采购,实验室,实验室仪器,2026-01-17
530,V-1200可见分光光度计-美析专业生产实验室仪器,72000.0,上海美析仪器有限公司,百度爱采购,实验室,实验室仪器,2026-01-17
531,硼砂批发 实验室试剂 缓冲性好 中鹏化工 厂家发货,4500.0,成都中鹏化工有限公司,百度爱采购,实验室,实验试剂,2026-01-17
532,氟化铈CeF3 白色粉末 国标正品 硬质合金添加剂 皮革用实验室试剂,100.0,四川沃耐稀新材料科技有限公司,百度爱采购,实验室,实验试剂,2026-01-17
533,实验试剂 化学试剂苯酸钾 津东天正 质量稳定 源头厂家,9.0,天津市津东天正精细化学试剂厂,百度爱采购,其他,实验试剂,2026-01-17
534,实验试剂 50% 酒石酸钾钠溶液 500ML/瓶 科研实验,380.0,湖北帅严李高生物医药有限公司,百度爱采购,其他,实验试剂,2026-01-17
535,中央无浆体PCR检测试剂盒各类实验试剂全国包邮,1200.0,上海谷研实业有限公司,百度爱采购,其他,实验试剂,2026-01-17
536,聚乙烯醇实验试剂 LR250g/瓶CAS:9002-89-5 化学试剂,25.0,济宁方与化工有限公司,百度爱采购,其他,实验试剂,2026-01-17
537,实验试剂 GB/T33087用瓶装超纯水（500ml*12瓶/ 包装）,660.0,上海水问生物科技有限公司,百度爱采购,其他,实验试剂,2026-01-17
538,分析纯氧化镉 货源充足 厂家发货 高纯实验试剂纯,5.0,廊坊汇诺精细化工有限公司,百度爱采购,其他,实验试剂,2026-01-17
539,186000847C-美国沃特世waters螺口样品瓶2ml棕色实验试剂加样瓶,1200.0,上海木辰生物科技有限公司,百度爱采购,其他,实验试剂,2026-01-17
540,Grace 补充昆虫培养基，11605094-500mL 实验试剂 赛默飞,621.0,浙江联硕生物科技有限公司,百度爱采购,其他,实验试剂,2026-01-17
541,实验试剂胰酪蛋白胨Y010E 科研实验专用厂家 鸿润宝顺,340.0,北京鸿润宝顺科技有限公司,百度爱采购,其他,实验试剂,2026-01-17
542,实验试剂 二溴丁二酸 250g/瓶 526-78-3 环保型助焊剂,36.0,济宁棠邑化工有限公司,百度爱采购,其他,实验试剂,2026-01-17
543,信裕生物Recombinant TNK2 科研实验试剂 高纯度蛋白,756.0,上海信裕生物科技有限公司,百度爱采购,其他,实验试剂,2026-01-17
544,RapiClear 1.52 组织透明剂 RC152001 实验试剂 透明可逆,3712.5,广州济恒医药科技有限公司,百度爱采购,其他,实验试剂,2026-01-17
545,春秋生物 6754-58-1 酒花酊 活性筛选 实验试剂 自主研发 支持分装,150.0,南京春秋生物工程有限公司,百度爱采购,其他,实验试剂,2026-01-17
546,软木花椒素 581-31-7 对照品 标准品 高校科研实验试剂 纯度高,40.0,成都钠钶锂生物科技有限公司,百度爱采购,其他,实验试剂,2026-01-17
547,哈希HACH总磷高量程实验试剂2767245-CN 品质有保障,885.0,苏州赛力威仪器设备有限公司,百度爱采购,其他,实验试剂,2026-01-17
548,科研级7-azidohexan-1-amine高纯度原料mg包装实验试剂,99.0,陕西星贝爱科生物科技有限责任公司,百度爱采购,其他,实验试剂,2026-01-17
549,乐美天色谱纯标准品2419125-44-1科研实验试剂,5000.0,成都德思特生物技术有限公司,百度爱采购,其他,实验试剂,2026-01-17
550,2X RNA Loading Buffer 源叶品牌R32064 实验试剂,51.0,上海源叶生物科技有限公司,百度爱采购,其他,实验试剂,2026-01-17
551,白鲨Biosharp 琼脂糖 Agarose 100g/瓶 实验试剂 可开票,131.0,北京奥秘佳得医药科技有限公司,百度爱采购,其他,实验试剂,2026-01-17
552,德晟 显色底物 ADPS 生化实验试剂/纯度≥99% 厂家/价优,7.0,湖北新德晟材料科技有限公司,百度爱采购,其他,实验试剂,2026-01-17
553,萃取剂LIX84I 实验试剂LR 1KG 翁江试剂 可开票 科研实验,320.0,广东翁江化学试剂有限公司,百度爱采购,其他,实验试剂,2026-01-17
554,CAS 143174-36-1 Sodium Pivalate Hydrate科研实验试剂 纯度98%,20.0,科华智慧（深圳）创新药物研发有限公司,百度爱采购,其他,实验试剂,2026-01-17
555,新研博美实验试剂m-PEG4-amine 85030-56-4 仅供科研使用,2900.0,陕西新研博美生物科技有限公司,百度爱采购,其他,实验试剂,2026-01-17
556,医药级盐酸胍 实验室专用分析纯试剂 低杂质 纯度保障 启焱,12.0,宁夏启焱新材料有限责任公司,百度爱采购,实验室,实验试剂,2026-01-17
557,亚铁氰化钾 分析纯AR 实验化学试剂 厂家批发 精科自营,29.0,无锡市晶科化工有限公司,百度爱采购,其他,实验试剂,2026-01-17
558,阿拉丁试剂 厂家正品 浩连科技 ≥97.0% 化学实验试剂,102.0,天津浩连科技发展有限公司,百度爱采购,其他,实验试剂,2026-01-17
559,阿拉丁试剂 实验试剂 全国授权代理商 腾准生物,8.8,上海腾准生物科技有限公司,百度爱采购,其他,实验试剂,2026-01-17
560,迈康时代 气管插管急救箱MC-07F 户外家用多功能急救工具箱,,企晟（上海）医疗器械有限公司,百度爱采购,其他,急救箱,2026-01-17
561,健生 急救箱 HS 体积小 重量轻 使用方便 坚固耐用,,沪惠医（上海）供应链科技有限公司,百度爱采购,其他,急救箱,2026-01-17
562,科洛 急救箱（空箱）出诊箱急救药箱 承重强 箱型,,企晟（上海）医疗器械有限公司,百度爱采购,其他,急救箱,2026-01-17
563,百生德婴儿培养箱EcoLa 3000供应急救诊疗室设备,,上海聚慕医疗器械有限公司,百度爱采购,设备,急救箱,2026-01-17
564,心肺复苏急救箱 便携式急救医疗箱厂家 应急救援储备物资全国直发,,厦门久菲特医疗器械有限公司,百度爱采购,其他,急救箱,2026-01-17
565,科洛（CROR）内科急救箱ZS-L-012A内科医生诊疗急救,,杭州科洛医疗科技有限公司,百度爱采购,其他,急救箱,2026-01-17
566,救护队用 医用急救箱综合拉杆抢救箱医疗应急救援保健箱套装,,厦门维立康医疗器械有限公司,百度爱采购,其他,急救箱,2026-01-17
567,内科型急救箱（包)ＦＨ-1型便携式救援用体积小重量轻,,四川佐诚科技有限公司,百度爱采购,其他,急救箱,2026-01-17
568,迈康时代便捷式大号急救箱内科外科出诊箱07B,,迈康时代（厦门）医疗科技有限公司,百度爱采购,其他,急救箱,2026-01-17
569,金新兴 急救箱（包） FH－5：岀诊型 小巧 便携 防水坚固耐用,,上海寰春医疗器械有限公司,百度爱采购,其他,急救箱,2026-01-17
570,飞澌美汽车急救设备 FSM-08029 名元实业供应 医用急救箱,,上海名元实业有限公司,百度爱采购,设备,急救箱,2026-01-17
571,迈康时代 安全应急 急救医药箱 内科急救箱 MC-07D,,迈康时代（厦门）医疗科技有限公司,百度爱采购,其他,急救箱,2026-01-17
572,FH-3综合型FH-2 外科型FH-1内科型FH-5出诊型 急救 ull医疗器械有限公司,,未知,百度爱采购,其他,急救箱,2026-01-17
573,秝客急救箱 户外应急救援包家用车载急救包旅行便携 批发厂家,,医仑健康（山东）有限公司,百度爱采购,其他,急救箱,2026-01-17
574,科曼暖箱BT800婴儿培养箱车载航空急救手推车运输,,江苏方大医疗科技有限公司,百度爱采购,其他,急救箱,2026-01-17
575,连旗连抽式止血带 买十箱送一箱 适用于医院及户外急救,,河南禾木佳医疗科技有限公司,百度爱采购,其他,急救箱,2026-01-17
576,工业CT检测设备 无损检测 扫描仪 高分辨率微焦点X射线检测系统 品牌,5000000.0,英华检测（上海）有限公司,百度爱采购,设备,扫描仪,2026-01-17
577,HGExl三维扫描仪 便携式 工业级静态测试 航兵测试,,南京航兵测试技术有限公司,百度爱采购,其他,扫描仪,2026-01-17
578,混凝土钢筋检测仪 钢筋扫描仪 钢筋锈蚀仪 工厂供应,3000.0,石家庄卓普科技有限公司,百度爱采购,其他,扫描仪,2026-01-17
579,高分辨率药监码扫描仪 S05X药品信息采集器 元驰供应 货源充足,16000.0,苏州德沃元驰信息科技有限公司,百度爱采购,其他,扫描仪,2026-01-17
580,艾图视古籍文献档案书刊案卷卷宗图书非接触式扫描仪CopiBookOSA2,698000.0,瑞创神州（北京）科技发展有限公司,百度爱采购,其他,扫描仪,2026-01-17
581,霍尼韦尔一维条形码扫描枪Voyager-1202G条码扫描免持式扫描仪,999.99,重庆市宏尚科技有限公司,百度爱采购,其他,扫描仪,2026-01-17
582,德沃药监码扫描仪即插即用免驱动 快速识别 提升药品监管工作效率,5800.0,苏州德沃智能系统有限公司,百度爱采购,其他,扫描仪,2026-01-17
583,高清高速便携智能识别华高Hi-5110S扫描仪 彩色办公连续扫描机,108000.0,郑州金科密源电子技术有限公司,百度爱采购,办公,扫描仪,2026-01-17
584,池田屋实业精品 ADCMT爱德万 标准型扫描仪 3100,9566.0,池田屋实业（深圳）有限公司,百度爱采购,其他,扫描仪,2026-01-17
585,中晶科技 平台非接触式扫描仪 国产 电子 仪器 操作简单 性能优,99999000.0,苏美达国际技术贸易有限公司,百度爱采购,电子,扫描仪,2026-01-17
586,LEUZE劳易测扫描仪条码系统 50125679 BPS 307i SM 100,30.0,厦门创津电气有限公司,百度爱采购,其他,扫描仪,2026-01-17
587,XTIOT XT6202HD批量条码扫描仪 无线扫码扫描枪 药品追溯码扫码枪,755.0,深圳市兴通物联科技有限公司,百度爱采购,其他,扫描仪,2026-01-17
588,全新原装的RIEGL机载扫描仪VQ-1560II-S工作要求,4555.0,上海乾拓贸易有限公司,百度爱采购,其他,扫描仪,2026-01-17
589,Honeywell霍尼韦尔 1960Li 轻量DPM码扫描仪+RS232串口,2169.0,深圳市易臻电子科技有限公司,百度爱采购,其他,扫描仪,2026-01-17
590,兴通XT216M高精度扫描模组 二维码条码扫描仪 停车场远距扫码模块,470.0,深圳市兴通物联科技有限公司,百度爱采购,其他,扫描仪,2026-01-17
591,柯达 i3320/i3400/i3300/3200/i3500/i3400E/ A3阅卷扫描仪,6500.0,北京云祥鼎泰科技有限公司,百度爱采购,其他,扫描仪,2026-01-17
592,PRECISION LASER SCANNING 多边形扫描仪 8千转/分钟 Dove™,15000.0,皕赫科学仪器（上海）有限公司,百度爱采购,其他,扫描仪,2026-01-17
593,爱瞰IS8000[A2+]古籍数字化非接触式不拆卷扫描仪,580000.0,爱瞰（北京）影像科技有限公司,百度爱采购,其他,扫描仪,2026-01-17
594,良田高拍仪 BS3000P 不拆书扫描仪图书馆古籍扫描A3+幅面曲面展平,12500.0,深圳市思航信息科技有限公司,百度爱采购,其他,扫描仪,2026-01-17
595,数字切片扫描仪 优云谱 数字病理扫描仪器 YP-QP 掌上扫描 仪设备,100.0,山东九章科学仪器有限公司,百度爱采购,设备,扫描仪,2026-01-17
596,美科 膀胱扫描仪 PBSV3.2 大屏液晶显示 待机久 性能稳定,,上海寰春医疗器械有限公司,百度爱采购,其他,扫描仪,2026-01-17
597,春蕾 红外扫描仪 功能多样 根据需求可进行调整,800.0,邢台春蕾新能源开发有限公司,百度爱采购,其他,扫描仪,2026-01-17
598,VIDAR NDTPRO工业胶片扫描仪-遵从ISO14096 DS级别标准,420000.0,北京清软电子技术公司,百度爱采购,其他,扫描仪,2026-01-17
599,答题卡设计系统佳能网上阅卷高速文档扫描仪2090 高级图像处理,26500.0,衡水金航计算机科技有限公司,百度爱采购,其他,扫描仪,2026-01-17
600,浩崎电子 便携式身份证扫描仪使用简单种类齐全,1500.0,广州浩崎电子科技有限公司,百度爱采购,电子,扫描仪,2026-01-17
601,双面自动连续档案数字高速扫描机 彩色华高GS-2090扫描仪,66900.0,郑州铁信智慧商贸有限公司,百度爱采购,其他,扫描仪,2026-01-17
602,爱色丽 高精度Ci7830扫描仪 便携易带材质耐用不易损 适用于印刷,12000.0,爱色丽（上海）色彩科技有限公司,百度爱采购,其他,扫描仪,2026-01-17
603,德国蔡司 紧凑型工业级蓝光三维扫描仪 高精度3D扫描 ZEISS ATOS Q,500000.0,宝力智能科技（东莞）有限公司,百度爱采购,其他,扫描仪,2026-01-17
604,品牌SICK迷你安全激光扫描仪型号S32B-3011BA,36000.0,深圳市仕达威实业有限公司,百度爱采购,其他,扫描仪,2026-01-17
605,MWD矿用液压挖掘机 可调节臂的高低 操作灵活方便,13500.0,山东中煤工矿物资集团有限公司,百度爱采购,挖掘,挖掘机,2026-01-17
606,MWD2.6/0.12LS矿用液压挖掘机 挖土机钩机 多功能高效便捷 技术可靠,2800.0,山东神华机械制造有限公司,百度爱采购,挖掘,挖掘机,2026-01-17
607,山江工程机械 轮式挖掘机公司 植树造林挖树坑用 实体厂家,9600.0,济宁山江工程机械有限公司,百度爱采购,机械,挖掘机,2026-01-17
608,两头忙装载挖掘机 一机多用 适配多种配件 工作效率高,50000.0,济宁市永安商贸有限公司,百度爱采购,挖掘,挖掘机,2026-01-17
609,龙建机械 工地使用轮式挖掘机 经济款 操作简单,18000.0,青州龙建特种机械有限公司,百度爱采购,机械,挖掘机,2026-01-17
610,矿用挖掘机铣挖头 隧道铣抛机 改装型铣挖机支持定制,38000.0,山东名舜机械制造有限公司,百度爱采购,挖掘,挖掘机,2026-01-17
611,大型轮式挖掘机 工程巷道用橡胶轮胎75挖土机钩机 进口配置玉柴,22000.0,山东达沃机械有限公司,百度爱采购,挖掘,挖掘机,2026-01-17
612,家用小型钩机 微型挖掘机厂商 性能优越售后质保 东程机械,18900.0,山东东程机械制造有限公司,百度爱采购,机械,挖掘机,2026-01-17
613,诺特机械 微型挖掘机厂 35小钩机 厂家直供现货充足,6888.0,山东诺特机械有限公司,百度爱采购,机械,挖掘机,2026-01-17
614,瑞佳 玉柴发动机 动力强劲 10吨 农用车随车带挖掘机,13300.0,济宁瑞佳工程机械有限公司,百度爱采购,挖掘,挖掘机,2026-01-17
615,水上 陆地 挖掘机出租 全国作业24小时上门服务,301.0,城南开发区华欣水上挖机租赁部,百度爱采购,挖掘,挖掘机,2026-01-17
616,市政工程小型挖掘机 维护成本低 规模化生产 全新现货,10000.0,山东思拓瑞克工程机械有限公司,百度爱采购,挖掘,挖掘机,2026-01-17
617,小型道路建设轮履式110挖机 加厚履带抓木机 工程破碎挖掘机,66000.0,山东聊达机械有限公司,百度爱采购,挖掘,挖掘机,2026-01-17
618,三一/斗山挖掘机价 格表360度旋转小型履带挖机,4000.0,山东山鼎工程机械集团有限公司,百度爱采购,挖掘,挖掘机,2026-01-17
619,HT10B小挖机 小型挖掘机供应 多功能挖地机 适用市政工程,22000.0,山东骄之力机械设备有限公司,百度爱采购,挖掘,挖掘机,2026-01-17
620,小型农用挖掘机 园林绿化农村改造建设挖土机,29800.0,山东匠工机械有限公司,百度爱采购,挖掘,挖掘机,2026-01-17
621,小型挖掘机1吨 养殖场多功能小微挖可加装各种属具,8000.0,山东山鼎工程机械集团有限公司,百度爱采购,挖掘,挖掘机,2026-01-17
622,常年供应挖掘装载一体机 随车挖厂家 多功能挖掘机,67900.0,中旺机械装备（山东）有限公司,百度爱采购,挖掘,挖掘机,2026-01-17
623,卡特329挖掘机 原装干活车质量保证 房屋拆迁工程 直下工地,280000.0,安徽胜挖工程机械有限公司,百度爱采购,挖掘,挖掘机,2026-01-17
624,农村改造轮式挖掘机 带驾驶室轮挖 75型进口液压系统钩机,5800.0,山东山鼎工程机械集团有限公司,百度爱采购,挖掘,挖掘机,2026-01-17
625,中旺 18米加长臂 河道清淤岩石臂 挖掘机标准臂,22100.0,中旺机械装备（山东）有限公司,百度爱采购,挖掘,挖掘机,2026-01-17
626,鼎东 四不像随车挖掘机 长动臂履带随车挖 车载挖机,64000.0,济宁鼎东机械设备有限公司,百度爱采购,挖掘,挖掘机,2026-01-17
627,鲁煤 矿用挖掘机履带 性能优越全新型 井下 现货销售,5600.0,山东鲁煤重工有限公司,百度爱采购,挖掘,挖掘机,2026-01-17
628,小型液压挖掘机 农用履带小挖机 型号齐欢迎购买,2400.0,山东稻香机械设备有限公司,百度爱采购,挖掘,挖掘机,2026-01-17
629,1吨微型挖掘机 适用于各类工作环境 操作方便 运行平稳,3000.0,中煤农林科技有限公司,百度爱采购,挖掘,挖掘机,2026-01-17
630,厂家知道95轮式挖掘机可抓木一机多用整机质保售后无忧欢迎来电,10000.0,济宁沃特机械科技有限公司,百度爱采购,挖掘,挖掘机,2026-01-17
631,小型液压挖掘机履带式基建拆迁市政用小挖园林用钩机按需定制,5600.0,山东骄之力机械设备有限公司,百度爱采购,挖掘,挖掘机,2026-01-17
632,建筑模拟器挖掘机 仿真操作模 拟器 多种型号 硕博,80000.0,徐州硕博电子科技有限公司,百度爱采购,挖掘,挖掘机,2026-01-17
633,租赁水陆挖掘机 城市河道清疏浚 池塘湖泊杂草清除岸坡修复,300.0,荆州市众凯建筑劳务有限公司,百度爱采购,挖掘,挖掘机,2026-01-17
634,种植屋面零坡度虹吸排水系统 HDPE覆布排水板 全国施工,2.8,山东赋能新材料有限公司,百度爱采购,其他,排水板,2026-01-17
635,种植屋面零坡度虹吸排水排水系统 H20高分子防塌陷防护排水板,10.0,佳美新材料（山东）有限公司,百度爱采购,其他,排水板,2026-01-17
636,ped18高分子防护排蓄水异型片 车库顶板种植屋面排水板,2.5,山东鑫联新材料科技有限公司,百度爱采购,其他,排水板,2026-01-17
637,用于隧道排水虹吸毛细排水板 塑料排水带 PVC毛细型防排水板,1.5,泰安长丰土工合成材料有限公司,百度爱采购,其他,排水板,2026-01-17
638,鹏德 零坡度虹吸排水系统 虹吸式排水板 10年实力品牌,3.0,河北鹏德建筑工程有限公司,百度爱采购,其他,排水板,2026-01-17
639,虹吸排水板 凹凸塑料排水 板 10年实力厂家 免费邮递样品,3.0,河北鹏德建筑工程有限公司,百度爱采购,其他,排水板,2026-01-17
640,HDPE塑料排水板 车库顶板用蓄水板 1000克2公分疏水板 生产厂家现货,2.4,泰安恒诺工程材料有限公司,百度爱采购,其他,排水板,2026-01-17
641,排水板 网状交织滤水板 源头厂家 宇润 耐腐蚀性能强,2.8,德州宇润土工材料有限公司,百度爱采购,其他,排水板,2026-01-17
642,乱丝网状交织排水板 垃圾填埋场渗排水土工席垫 聚丙烯PP材质,0.9,德州锦旺土工材料有限公司,百度爱采购,其他,排水板,2026-01-17
643,塑料排水板 地铁隧道用黑色凹凸疏水板 可定制,2.1,山东宝翔工程材料有限公司,百度爱采购,其他,排水板,2026-01-17
644,兴科 定制 HDPE排水板 车库地下室底板用 使用寿命长 自有工厂,4.0,泰安兴科建材有限公司,百度爱采购,其他,排水板,2026-01-17
645,大广 HDPE排水板 车库顶板H20疏水板屋顶花园凹凸型沥水板 支持定制,3.0,山东大广新材料有限公司,百度爱采购,其他,排水板,2026-01-17
646,塑料排水板 20mmHDPE黑色白色 凹凸排水 板屋顶花园种植 高翊,1.45,德州高翊新材料有限公司,百度爱采购,其他,排水板,2026-01-17
647,虹吸排水系统 代替传统 排水板 佳美品牌让排水更快捷有效,10.0,佳美新材料有限公司,百度爱采购,其他,排水板,2026-01-17
648,车库顶板 地下室HDPE塑料凹凸复合排水板 疏水板 滤水板,1.6,德州高宏新材料有限公司,百度爱采购,其他,排水板,2026-01-17
649,凹凸型HDPE塑料排水板 车库屋顶地下室防潮高分子异形虹吸排水系统,2.48,泰安镐语工程材料有限公司,百度爱采购,其他,排水板,2026-01-17
650,凹凸排水板屋顶花园种植地下车库疏水板hdpe塑料阻根板厂家,3.2,泰安众诚伟业土工材料有限公司,百度爱采购,其他,排水板,2026-01-17
651,塑料凹凸型排水板 车库楼顶花园绿化用HDPE疏水板 导水性抗压强度高,1.6,福州鑫安华金属制品有限公司,百度爱采购,其他,排水板,2026-01-17
652,复合hdpe滤水板 凹凸疏水板 车库顶板屋顶绿化排水板,4.0,山东丰源非织造布有限公司,百度爱采购,其他,排水板,2026-01-17
653,排水板 车库顶板屋顶花园地下室蓄排水板 HDPE疏水板,2.2,山东宝翔工程材料有限公司,百度爱采购,其他,排水板,2026-01-17
654,PVC毛细排水板 预防排水渗水效果好 支持定制 世嘉工程,12.0,山东世嘉工程材料有限公司,百度爱采购,其他,排水板,2026-01-17
655,凹凸型塑料排水板 屋顶花园车库顶板疏水板 滤水板,2.0,泰安宏昇工程材料有限公司,百度爱采购,其他,排水板,2026-01-17
656,塑料排水板厂家 地下车库底板hdpe凹凸型疏水板 支持定制,2.3,泰安众信伟业新材料有限公司,百度爱采购,其他,排水板,2026-01-17
657,全新料排水板 建筑工程PE滤水板 原生料蓄排水板厂家,2.6,泰安众信工程材料有限公司,百度爱采购,其他,排水板,2026-01-17
658,虹吸覆布排水板 海绵城市排水系统 虹 吸排水系统 复合排 水板,3.8,德州锦旺土工材料有限公司,百度爱采购,其他,排水板,2026-01-17
659,屋顶花园塑料排水板hdpe排疏板隔水防穿刺阻根滤水,3.2,泰安泰盈工程材料有限公司,百度爱采购,其他,排水板,2026-01-17
660,楼顶花园工程绿化HDPE排水板厂家 园林绿化凹凸型滤水板 按需定制,1.0,山东领翔新材料有限公司,百度爱采购,其他,排水板,2026-01-17
661,凹凸塑料排水板厂家 屋顶花园耐腐蚀疏水板支持定制,1.9,陕西润宇坤新材料工程有限公司,百度爱采购,其他,排水板,2026-01-17
662,HDPE排水板 凹凸塑料镂空蓄排水板 嘉程支持定制,1.7,山东嘉程土工材料有限公司,百度爱采购,其他,排水板,2026-01-17
663,农田耕地犁 50-70马力带1.5米耕地机 耕地翻转犁,6500.0,山东七建装备制造有限公司,百度爱采购,其他,推土机,2026-01-17
664,恒旺16履带式22推土机32森林伐木型高原沙漠湿沼泽地液力传动机械,500000.0,山东恒旺重工机械设备有限公司,百度爱采购,机械,推土机,2026-01-17
665,成宇履带式推土机 一机多用 机身狭小 易操作 移动灵活,20000.0,青州成宇工程机械有限公司,百度爱采购,推土,推土机,2026-01-17
666,大型履带式推土机 土方建筑 铲土运输机械 源头厂家,3200.0,济宁德矿重工有限公司,百度爱采购,机械,推土机,2026-01-17
667,SD13U型号万向铲推土机 四驱多功能 小型装载机,3300.0,山东鲁铁轨道交通装备有限公司,百度爱采购,推土,推土机,2026-01-17
668,鹏畅 小型电动铲车 多功能推土机 农场工地搬运用,9500.0,任县鹏畅机械厂,百度爱采购,推土,推土机,2026-01-17
669,恒旺大型履带式推土机 森林伐木型高原沙漠湿沼泽地液力传动机械,100000.0,济宁汇中机械有限公司,百度爱采购,机械,推土机,2026-01-17
670,山推130大型推土机 95新履带直斜式装卸 上 海发货 全国可售,86000.0,上海垚阔机械设备有限公司,百度爱采购,推土,推土机,2026-01-17
671,卡特D5M推土机 库存现货 一站式供应省心 商家服务专业,150000.0,上海振欢机械工程有限公司,百度爱采购,推土,推土机,2026-01-17
672,13推土机130马力小型柴油堆土设备清理鱼塘履带,10000.0,山东恒旺集团有限公司,百度爱采购,设备,推土机,2026-01-17
673,XZ 电动小铲车 四驱电 动装载机 25马力建筑工程推土机,16000.0,山东鑫澳机械有限公司,百度爱采购,推土,推土机,2026-01-17
674,明投 履带式轮式自动推土机 用于开采工作 多种领域可用,190000.0,山东明投机械有限公司,百度爱采购,推土,推土机,2026-01-17
675,常年外贸 九成新卡特推土机 卡 特D7G推 土 机 大型220和320铲运机械,99900.0,上海凯福佑工程机械有限公司,百度爱采购,机械,推土机,2026-01-17
676,推土机2手山推推土机大型推石头机械 矿山开采,399500.0,上海烨玟工程机械有限公司,百度爱采购,机械,推土机,2026-01-17
677,湿地小型推土机 适应泥泞松软工况 节能低耗 耐冲击强,299000.0,洛阳路胜机械设备有限公司,百度爱采购,推土,推土机,2026-01-17
678,恒旺中大型推土机重型沼泽煤矿沙漠山地工程推土车全液压推土设备,3000.0,济宁海之能电子商务有限公司,百度爱采购,设备,推土机,2026-01-17
679,山推SD16SD22SD32推土机临工卡特彼勒大型工程设备,140000.0,济宁鲁洋国际供应链管理有限公司,百度爱采购,设备,推土机,2026-01-17
680,轮式滑移装载机建筑工地小铲车工地搬运履带推土机,3200.0,济宁萨奥机械有限公司,百度爱采购,推土,推土机,2026-01-17
681,单双钩 定制推土机松土器 沥青路面 破碎冻土 强度大尾钩,1600.0,华矿重工有限公司,百度爱采购,推土,推土机,2026-01-17
682,山推320推土机双边支重轮SD32 悦能机械 原装现货,2000.0,济宁悦能工程机械有限公司,百度爱采购,机械,推土机,2026-01-17
683,亿维履带式市政施工滑移装载机工地用小型RT26-7装卸多功能推土机,900.0,山东众煤工矿机械设备有限公司,百度爱采购,推土,推土机,2026-01-17
684,抗洪抢险大型装载机履带式液压湿地推土机193*155*158cm挖土机,920000.0,霸州市全波防护设备厂,百度爱采购,推土,推土机,2026-01-17
685,鑫佰汇XH7240CA1WYD推土机装载机铲车抓木机特大型4成新,68400.0,阜阳鑫佰汇科技有限公司,百度爱采购,推土,推土机,2026-01-17
686,Shantui山推 大型推土机SE980 60950-43-00002 托轮总成 底盘件 SE800,3200.0,斯投恩（上海）实业有限公司,百度爱采购,推土,推土机,2026-01-17
687,推土机尾钩 破碎冻土 适应多种作业环境 源头工厂 质量保障,4800.0,济宁鼎晟科技有限公司,百度爱采购,推土,推土机,2026-01-17
688,矿山厦工XG956N轮式推土机23.5-25铲车50装载机轮胎,3150.0,广饶中捷工贸有限公司,百度爱采购,推土,推土机,2026-01-17
689,卡特大型推土机D10N矿山品质履带总成7T0723生产厂家发货,50000.0,上海山萌松工程机械有限公司,百度爱采购,推土,推土机,2026-01-17
690,大型推土机 钢履带式液压 带多种辅具推土 土方机械,460000.0,济宁汇中机械有限公司,百度爱采购,机械,推土机,2026-01-17
691,山推SD22推土机702-12-14000伺服阀总成 全国可发,99.0,济宁长虹工程机械有限公司,百度爱采购,推土,推土机,2026-01-17
692,放大镜演示型号,10000.0,放大镜供应商公司,演示数据,其他,放大镜,2026-01-17
693,刀锋 国标救援帐篷 抗震帐 篷采用600D牛津布材质 全国发货快速省心,585.0,玉田县鸦鸿桥刀锋户外用品厂,百度爱采购,其他,救援帐篷,2026-01-17
694,防雨抗震救援帐篷厂家批发 户外防雨 抢险指挥防洪,750.5,沈阳市华美帆布制品厂,百度爱采购,其他,救援帐篷,2026-01-17
695,篷程户外10x10米迷彩绿救援帐篷 批发定制 资质完备,560.0,唐山市篷程户外用品有限公司,百度爱采购,其他,救援帐篷,2026-01-17
696,焦 作冰峰救灾应急防汛救援帐篷抢险可折叠保暖施工工地篷房厂,650.0,玉田县鸦鸿桥冰峰户外用品厂,百度爱采购,其他,救援帐篷,2026-01-17
697,户外民政消防救灾帐篷抗震抗洪抢险防雨防汛保暖隔离救援帐篷,730.0,石家庄宁泊帆篷纺织有限公司,百度爱采购,其他,救援帐篷,2026-01-17
698,金宏达 抢险救灾野外施工 帐篷定制救援帐篷 防水遮风稳固安全,1250.0,金宏达特种装备器材有限公司,百度爱采购,其他,救援帐篷,2026-01-17
699,威景消防 户外抢险救援帐篷 应急救灾设备 搭建简单,590.0,河南威景消防设备有限公司,百度爱采购,设备,救援帐篷,2026-01-17
700,民政应急救灾帐篷 防汛抢险救援帐篷 应急防疫临时帐 篷诺达,950.0,霸州市南孟镇诺达五金工具厂,百度爱采购,其他,救援帐篷,2026-01-17
701,12平米牛津布救灾帐篷 户外5-8人加厚防雨保暖救援帐篷,50.0,河北有佳帐篷有限责任公司,百度爱采购,其他,救援帐篷,2026-01-17
702,民政救灾专用应急救援帐篷 加厚保温指挥加棉款3.2*3.7米,790.0,唐山市篷程户外用品有限公司,百度爱采购,其他,救援帐篷,2026-01-17
703,应急救灾防雨防疫防汛抢险救灾帐篷 多用途救援帐篷 防水防尘透气,480.0,山东添翊重工机械有限公司,百度爱采购,其他,救援帐篷,2026-01-17
704,救灾帐篷定制标准户外应急专用救援帐篷订做民用抗洪抢险帐篷,788.0,北京金企定制科技有限公司,百度爱采购,其他,救援帐篷,2026-01-17
705,户外民用救援帐篷应急抢险救援棉帐篷加厚牛津布救灾物资,850.0,霸州市禹喆机械厂,百度爱采购,其他,救援帐篷,2026-01-17
706,冰峰 应急救灾帐篷 野外救援帐篷 现货24小时及时发,560.0,玉田县鸦鸿桥冰峰户外用品厂,百度爱采购,其他,救援帐篷,2026-01-17
707,民政应急抢险救援帐篷18平方米救灾帐篷户外加厚保暖指挥帐篷,1700.0,霸州市沃来救援装备有限公司,百度爱采购,其他,救援帐篷,2026-01-17
708,应急救灾帐篷防疫卫生户外救援帐篷抢险防汛隔离民政标准,1200.0,郑州郑发消防设备销售有限公司,百度爱采购,其他,救援帐篷,2026-01-17
709,救援帐篷 空间大 抗撕裂抗老化 防风抗雨 临时住宿 亚图卓凡,750.0,河北亚图帐篷有限公司,百度爱采购,其他,救援帐篷,2026-01-17
710,抗震国标救灾帐篷 野外救援帐篷 防雨带胶牛津布 运输快速,600.0,唐山森中亿户外用品有限公司,百度爱采购,其他,救援帐篷,2026-01-17
711,津彩乐童 救援充气帐篷 大型快速搭建防雨保暖应急抗疫救援帐篷,180.0,天津市津彩乐童户外用品有限公司,百度爱采购,其他,救援帐篷,2026-01-17
712,湖 北篷程供应救灾抢险救援帐篷 应急防疫指挥蓝色单棉帐篷房 厂家,610.0,唐山市篷程户外用品有限公司,百度爱采购,其他,救援帐篷,2026-01-17
713,卫生应急框架帐篷 双层结构野战救灾户外救援帐篷,350.0,上海悦乾实业有限公司,百度爱采购,其他,救援帐篷,2026-01-17
714,卫生充气帐篷地震抢险救援帐篷红十字篷房户外防雨卫生帐篷,500.0,霸州市霸州镇万齐电力器材厂,百度爱采购,其他,救援帐篷,2026-01-17
715,浩宇供应多种规格卫生应急救援帐篷定制加工,1000.0,唐山浩宇帐篷有限公司,百度爱采购,其他,救援帐篷,2026-01-17
716,爱瑞斯应急救灾物资防疫卫生户外救援帐篷工厂一手货源批发,898.0,四川爱瑞斯家居用品有限公司,百度爱采购,其他,救援帐篷,2026-01-17
717,12平米应急救援帐篷 核酸检测隔离牛津布篷 不易变形 支持定制,980.0,山东稻香机械设备有限公司,百度爱采购,其他,救援帐篷,2026-01-17
718,应急救灾棉帐篷 12㎡标准国标帐蓬消防救援帐篷 质量保障支持过检,1850.0,河北佳有鼎科技有限公司,百度爱采购,其他,救援帐篷,2026-01-17
719,浩宇 蓝色户外救援帐篷 民政应急救灾帐篷 用料厚实 源头工厂,600.0,唐山浩宇帐篷有限公司,百度爱采购,其他,救援帐篷,2026-01-17
720,医疗救援帐篷 白色指挥帐篷演戏演练帐篷 京诚豪斯,180.0,河北京诚豪斯帐篷有限公司,百度爱采购,其他,救援帐篷,2026-01-17
721,37平米网架卫生帐篷 网架式救灾援外帐篷 野外拱型救援帐篷,22900.0,霸州市森汛安消防护用品 ull,百度爱采购,其他,救援帐篷,2026-01-17
722,宏达 2个人5分钟能快速安装完成 轻便快捷可拆卸 医疗救援帐篷,597.0,珠海市斗门区白蕉镇宏达帐篷批发商行,百度爱采购,其他,救援帐篷,2026-01-17
723,PTQ120米韩式抛投器 紧急救援用品 水陆两用 使用方便,550.0,济宁鸿业工矿设备有限公司,百度爱采购,其他,救援用品,2026-01-17
724,户外防灾非常持出袋PU铝布救灾应急包个人救援用品背包,45.0,霸州市靓影救援安全设备部（个体工商户）,百度爱采购,其他,救援用品,2026-01-17
725,防汛抢险救援用品 玻璃钢硬底橡皮艇钓鱼船 6-7人军绿色,2400.0,北京宏大凯盛商贸有限公司,百度爱采购,其他,救援用品,2026-01-17
726,野外防汛抢险救援用品 铝合金硬底橡皮艇钓鱼船 6-7人军绿色,950.0,北京东方强晟科技有限公司,百度爱采购,其他,救援用品,2026-01-17
727,消防抗洪用品 应急救援抗洪 抗灾洪涝 送货上门 库存充足 厂商,1.25,石家庄宁泊帆篷纺织有限公司,百度爱采购,其他,救援用品,2026-01-17
728,卡尔森 漂浮救援板 水域救援安全防护用品 有效方式积水,1000.0,青岛峰汇安全设备有限公司,百度爱采购,其他,救援用品,2026-01-17
729,救援清洗工具 安全防护用具洗消器 紧急救援用,30.0,赫赛尔应急设备（河北）有限公司,百度爱采购,其他,救援用品,2026-01-17
730,百图喜安全防护用品提供 加拿大马斯托 “指挥官”冰面救援服,1000.0,上海百图喜安全防护用品有限公司,百度爱采购,其他,救援用品,2026-01-17
731,地震应急生存包595-D-617型野外救生用品手提包家庭应急救援包,278.0,霸州市重安消防器材厂,百度爱采购,其他,救援用品,2026-01-17
732,金虎劳保用品 防暴警察战术头盔 防震地震救援专用 生产厂家 厂家批发,20.0,成都金虎和美劳保用品有限公司,百度爱采购,其他,救援用品,2026-01-17
733,消防员脸盆消防救援脸 盆内务装备深蓝色洗漱用具火焰蓝标配,12.0,济宁市裕泽工业科技有限公司,百度爱采购,其他,救援用品,2026-01-17
734,恒筑抗震抢险救援应急收纳包户外防灾救生斜挎包野外用品健康背包,42.0,霸州市恒筑防护用品有限公司,百度爱采购,其他,救援用品,2026-01-17
735,消逸抗震抢险救援应急收纳包户外防灾救生斜挎包野外用品健康背包,42.0,霸州市消逸防护用品有限公司,百度爱采购,其他,救援用品,2026-01-17
736,抗震抢险救援应急收纳包户外防灾救生斜挎包野外用品健康背包,42.0,宏炬消防装 ull有限公司,百度爱采购,其他,救援用品,2026-01-17
737,百图喜安全防护用品供应 远距离救生抛投器防汛水域救援,1000.0,上海百图喜安全防护用品有限公司,百度爱采购,其他,救援用品,2026-01-17
738,户外急救保温毯便携式银色急救毯应急抢险救援生存救生毯用品,5.0,霸州市汛喆救援设备有限公司,百度爱采购,其他,救援用品,2026-01-17
739,消防柜防汛器材存放柜紧急救援储存装备箱安全防护用品应急物资柜,255.0,重庆川迪家具有限责任公司,百度爱采购,其他,救援用品,2026-01-17
740,篷程户外用品消防 救灾 应急 工厂 户外 仓储 婚礼 抗震 防汛 抢险 救援 帐篷,600.0,唐山市篷程户外用品有限公司,百度爱采购,其他,救援用品,2026-01-17
741,防汛应急抗洪救生圈消防用品成人游泳圈带反光条实心救援圈威固,13.0,霸州市霸州镇威固工业设备销售中心,百度爱采购,其他,救援用品,2026-01-17
742,厂家批发安全防护用具 户外安全斧碳钢逃生救援工具,20.0,济宁华冠安全设备有限公司,百度爱采购,其他,救援用品,2026-01-17
743,哈肯安全防护用品提供 美国PMI 绳索基础救援工具套装,100.0,哈肯国际贸 ull有限公司,百度爱采购,其他,救援用品,2026-01-17
744,水上作业防护用具水域救援个人装备包防汛救灾多用途套装,2690.0,霸州市赛予电力科技有限公司,百度爱采购,其他,救援用品,2026-01-17
745,万亿国债汇聚科安 水域救援 船用保温用具 救生艇用筏用睡袋,70.0,北京汇聚科安应急装备科技有限公司,百度爱采购,其他,救援用品,2026-01-17
746,加厚应急物资柜消防柜防疫救援器材柜防护用品紧急设备置物展示箱,120.0,诚远消防设备（山东）有限公司,百度爱采购,设备,救援用品,2026-01-17
747,玻璃钢救生用品存放箱 加厚河岸边救援救生衣救生圈救生绳防汛应急,80.0,中安消防设备（山东）有限公司,百度爱采购,其他,救援用品,2026-01-17
748,万亿国债汇聚科安 水域救援 船用保温用具 救生艇用筏用睡袋汇聚科安,70.0,陕西华盛众安应急装备科技有限公司,百度爱采购,其他,救援用品,2026-01-17
749,急救包 便携救援工具包医疗套装急救包 户外应急用品药品收纳包,2000.0,山东恒泰安防救援装备制造有限公司,百度爱采购,其他,救援用品,2026-01-17
750,户外急救包装备求生工具套装野生存应急包多功能防水战地 救援用品,269.0,北京中诚源创环保科技有限公司,百度爱采购,其他,救援用品,2026-01-17
751,皮划艇 路亚艇 水域救援 厂家供应 硬质 加厚 山丘 耐磨 森泰户外用品,2000.0,连云港森泰户外用品有限公司,百度爱采购,其他,救援用品,2026-01-17
752,抗震救灾应急装备包便携式防汛组合工具19件套抢险救援用品套装,550.0,霸州市万木安消防装备有限公司,百度爱采购,其他,救援用品,2026-01-17
753,学校科技馆设备墙上智能互动科普装置科普实验仪器红外测温设备,6888.0,深圳市奇思妙想教育科技有限公司,百度爱采购,设备,教学仪器,2026-01-17
754,先尚（CimFAX） 教学+书籍 厂家直售 高拍仪 T1580 Plus,2990.0,广州先尚计算机科技有限公司,百度爱采购,其他,教学仪器,2026-01-17
755,BKW075 竖流式沉淀池 教学仪器 步控高教仪器实训设备 厂家发货,6000.0,苏州市步控自动化科技有限公司,百度爱采购,设备,教学仪器,2026-01-17
756,宝尔教学仪器 小学初中高中数学物理教学演示用教具 地球仪 厂家直发,30.0,菏泽宝尔科教仪器有限公司,百度爱采购,其他,教学仪器,2026-01-17
757,燃气管网水力工况实验台 大有实验装置 燃气工程教学仪器实验设备,300.0,上海大有仪器设备有限公司,百度爱采购,设备,教学仪器,2026-01-17
758,育创 伯努利方程实验装置 试验实训教学仪器定制,4800.0,长沙育创仪器设备有限公司,百度爱采购,其他,教学仪器,2026-01-17
759,一控 生产 实验教学设备 定制教学仪器 多场景适用,273.0,武汉一控自动化科技有限公司,百度爱采购,设备,教学仪器,2026-01-17
760,博才 机械基础多媒体仿真设计综合实验装置 教学仪器 BC-82,188.0,上海博才教学仪器设备制造有限公司,百度爱采购,机械,教学仪器,2026-01-17
761,广泰教学设备 纯电动汽车电池组实验台教学仪器,42000.0,江西广泰教仪科技有限公司,百度爱采购,设备,教学仪器,2026-01-17
762,08A网孔型电工电子电拖教学仪器实验设备实训装置机电一体化,50.0,浙江阳旭教学仪器设备有限责任公司,百度爱采购,设备,教学仪器,2026-01-17
763,超导磁悬浮演示实验装置 物理实验器材 中学教学仪器厂家直销,2000.0,长春市长城教学仪器有限公司,百度爱采购,其他,教学仪器,2026-01-17
764,德祥仪器 教学实验设备 恒温恒湿实验箱厂家 多样化的接口选项,19800.0,东莞市德祥仪器有限公司,百度爱采购,设备,教学仪器,2026-01-17
765,骨密度检测仪 骨密度仪器品牌 安装使用教学 品源 BMD-A7,,品源医疗（江苏）有限公司,百度爱采购,其他,教学仪器,2026-01-17
766,电子反应时测试仪 学校心理教学仪器 型号HP202,,北京美华仪科技有限公司,百度爱采购,电子,教学仪器,2026-01-17
767,教学科研用绿色建筑节能气候室 人工气候室 新励仪器,1.0,宁波新励仪器设备有限公司,百度爱采购,其他,教学仪器,2026-01-17
768,视野计 手台二用 高校教学实验仪器 测视力试验,450.0,河南恒之奇实业有限公司,百度爱采购,其他,教学仪器,2026-01-17
769,脑功能成像采集仪器 多功能科研教学专用设备,3950000.0,北京津发科技股份有限公司,百度爱采购,设备,教学仪器,2026-01-17
770,DYR071 综合传热性能实验台 工程热力学教学实训设备 大有仪器,300.0,上海大有仪器设备有限公司,百度爱采购,设备,教学仪器,2026-01-17
771,中学教学仪器 龙煤 空气压缩引火仪 物理实验器材,1300.0,山东龙煤工矿机械集团有限公司,百度爱采购,其他,教学仪器,2026-01-17
772,KZJ45矿用自救培训教学仪器 内容丰富 全面了解自救器相关知识,260.0,华矿重工有限公司第一分公司,百度爱采购,其他,教学仪器,2026-01-17
773,教师用磁性绘图桌 制图桌 多功能测绘桌 教学专用仪器 JS-Z20型 可定制,2500.0,徐州君晟教学设备有限公司,百度爱采购,其他,教学仪器,2026-01-17
774,迈克尔逊干涉仪 型号：ZRX-09614 教学实验仪器 中瑞祥科技,,北京中瑞祥科技有限公司,百度爱采购,其他,教学仪器,2026-01-17
775,HQ小台面科普主题馆 教室教学简易科普仪器 社区科普主题展科技馆,1600.0,武汉皓奇科技发展有限公司,百度爱采购,其他,教学仪器,2026-01-17
776,2022国标驾校验收汽车驾驶模拟器学车培训练习机动车教学仪器设备,8500.0,温州虹联科教设备有限公司,百度爱采购,设备,教学仪器,2026-01-17
777,车站AFC售检票教学仪器 翼式门型检票机 票务实操考核软件,67300.0,广州翼梭电子科技有限公司,百度爱采购,软件,教学仪器,2026-01-17
778,恒温摇床 提供视频教学 YCT-50A 用于工业生产 捷呈仪器,6760.0,上海捷呈实验仪器有限公司,百度爱采购,其他,教学仪器,2026-01-17
779,亚克力教学仪器定制 教学科教仪器 教学演示用 可拆卸 强度高,230.0,天津臻诚科技有限公司,百度爱采购,其他,教学仪器,2026-01-17
780,【厂家直供】医用监护仪嵌入式开发系统仪器实验室教学设备,2000.0,启东汤森教学仪器有限公司,百度爱采购,设备,教学仪器,2026-01-17
781,数学教学仪器 30306006601口算练习器 华展全套仪器,11.0,山东华展教学仪器有限公司,百度爱采购,其他,教学仪器,2026-01-17
782,【博览】 裂隙灯显微镜 清晰度高 视场开阔 操作便捷,,上海博览光电仪器有限公司,百度爱采购,其他,显微镜,2026-01-17
783,阳瑞Nano3DX进口X射线显微镜 灰白全自动智能型微焦点衍射仪,1000000.0,广州阳瑞仪器科技有限公司,百度爱采购,其他,显微镜,2026-01-17
784,铭显 MX-AFM 原子力探针显微镜 国产新标杆 性价比之选,300000.0,苏州铭显精密仪器有限公司,百度爱采购,其他,显微镜,2026-01-17
785,视频显微镜360度无死角工业电子放大镜 三维电子,1888.0,苏州鸥斯特光学仪器有限公司,百度爱采购,电子,显微镜,2026-01-17
786,精创DEUM超声波电子显微镜 陶瓷基板检测 国际执行标准 专业工具,956700.0,苏州精创光学仪器有限公司,百度爱采购,电子,显微镜,2026-01-17
787,金相显微镜4XC-W倒置配套大视野目镜高清摄像装置多行业应用,5700.0,济南金相仪器设备有限公司,百度爱采购,其他,显微镜,2026-01-17
788,高清连续变倍视频数码金相试样显微镜 DVM系列 观察清晰 操作简单,5000.0,迈格仪器（苏州）有限公司,百度爱采购,其他,显微镜,2026-01-17
789,台硕金相工具测量显微镜高精度微观测量高清工显光学测量显微仪,98000.0,台硕检测设备（苏州）有限公司,百度爱采购,其他,显微镜,2026-01-17
790,博恩口腔手术显微镜DOM3000系列 4k影像 重构想象,,上海博恩登特科技有限公司,百度爱采购,其他,显微镜,2026-01-17
791,Hyper MF/MF-U 176系列 - 高精度测量显微镜 高精 ullum,20800.0,蚌埠羽丰仪器设备有限公司,百度爱采购,其他,显微镜,2026-01-17
792,口腔显微镜 多款型号配置 满足不同医生所需 资质齐全,1.0,上海博恩登特科技有限公司,百度爱采购,其他,显微镜,2026-01-17
793,NANOS分析型台式扫描电子显微镜 提供丰富的配置及功能,88.0,上海迈科英诺科学仪器有限公司,百度爱采购,电子,显微镜,2026-01-17
794,高清显微镜CCD相机 荧光明场暗场观察适用 200/500万像素 欣诺梦达z1,5500.0,武汉欣诺梦达科技有限公司,百度爱采购,其他,显微镜,2026-01-17
795,高分辨率连续变倍单筒视频显微镜 探针台配件 多种款式 欣诺梦达z6,5000.0,武汉欣诺梦达科技有限公司,百度爱采购,其他,显微镜,2026-01-17
796,电脑型3D视频显微镜 电子显微镜光学测量仪 诚立 图像清晰稳定,22000.0,东莞市诚立仪器有限公司,百度爱采购,电子,显微镜,2026-01-17
797,体视显微镜SG-8050D主要用于产品的宏观检验、能够检验裂纹、裂口,100.0,上海光学仪器一厂,百度爱采购,其他,显微镜,2026-01-17
798,工业检测金相显微镜VHM-500 反射光源 维翰光电科技 VIHENT,12500.0,上海维翰光电科技有限公司,百度爱采购,其他,显微镜,2026-01-17
799,奥林巴斯正置显微镜BX43 研究级 双目/三目/荧光,50.0,成贯仪器（上海）有限公司,百度爱采购,其他,显微镜,2026-01-17
800,DL-XC200相差显微镜 连接数码相机观可察实时动态图像,5777.0,青岛动力伟业环保设备有限公司,百度爱采购,其他,显微镜,2026-01-17
801,奥林巴斯OLYMPUS双目显微镜 CX21 可用于生物教学,4000.0,北京海洋蓝天科技发展有限公司,百度爱采购,其他,显微镜,2026-01-17
802,OLYMPUS BX3M系列BX53M 工业金相显微镜 对金属材料、零部件等检测,299000.0,钧一检测技术（上海）有限公司,百度爱采购,其他,显微镜,2026-01-17
803,力领FL8500W三目倒置金相显微镜 分析 实验室光学仪器,1000.0,济南力领试验机有限公司,百度爱采购,实验室,显微镜,2026-01-17
804,米淇科技 金相显微镜物镜 同焦面性设计 顺丰包邮,1200.0,长沙米淇仪器设备有限公司,百度爱采购,其他,显微镜,2026-01-17
805,电子显微镜 材料科学 空间分辨出色 较优软件功能 善时仪器,400000.0,深圳市善时仪器有限公司,百度爱采购,软件,显微镜,2026-01-17
806,日本 奥林巴斯OLYMPUS BX53MRF显微镜300万高清可拍照,55000.0,珠海市澳翔科技有限公司,百度爱采购,其他,显微镜,2026-01-17
807,MC-8026高清电子显微镜 一体机型连续变倍操作简单,2600.0,深圳市晟视科技有限公司,百度爱采购,电子,显微镜,2026-01-17
808,无穷远生@物显微镜500万像 无限远平场物镜成像清晰,12300.0,上海丙林电子科技有限公司,百度爱采购,其他,显微镜,2026-01-17
809,超景深三维数码显微镜 3D超景显微测量仪 数字式三维视频显微设备,356000.0,苏州福佰特仪器科技有限公司,百度爱采购,设备,显微镜,2026-01-17
810,YJSX211-CCD光学显微镜 带四孔转换器 厂家定制批发,4800.0,云南远锦光学仪器有限公司,百度爱采购,其他,显微镜,2026-01-17
811,CI5500 MICRO 微字符喷码机 文字图案喷印机 包装袋纸箱喷码机,50000.0,广州市蓝新机电设备有限公司,百度爱采购,其他,条码打印机,2026-01-17
812,商用条码打印机支持多种介质打印 操作简单 惠佰数科,12000.0,合肥惠佰数码科技有限公司,百度爱采购,其他,条码打印机,2026-01-17
813,斑马ZT510t条码打印机工业型二维码打印不干胶标签机,1.5,辽宁鹏瑞新材料科技发展有限公司,百度爱采购,其他,条码打印机,2026-01-17
814,斑马zebra-zt510工业级条码打印机不干胶快递物流二维码打印机,8450.0,苏州索锐达信息科技有限公司,百度爱采购,其他,条码打印机,2026-01-17
815,宏尚 ZEBRA ZT620 工业标签条码打印机 商超物流仓储快递单打印机,29800.0,重庆市宏尚科技有限公司,百度爱采购,其他,条码打印机,2026-01-17
816,立象Argox MX-300标签打印机工业级条码打印机二维码标签机,9750.0,深圳市峰业信息技术有限公司,百度爱采购,其他,条码打印机,2026-01-17
817,日本 SATO 佐藤 条码打印机 升级版 CL4NX PLUS / CZ408TT,2950.0,藤野贸易（广州）有限公司,百度爱采购,其他,条码打印机,2026-01-17
818,新北洋条码打印机BTP-2100E 300米碳带大卷纸 桌面型 伟航标签机,880.0,深圳市伟航条码技术有限公司,百度爱采购,其他,条码打印机,2026-01-17
819,立象DX-2300/3200/4100条码打印机300DPI工业标签机,5500.0,深圳市零达时代科技有限公司,百度爱采购,其他,条码打印机,2026-01-17
820,nullTTP-244CE/244plus条码打印机 200dpi 台式 桌面型,920.0,南京旭生电子信息技术有限公司,百度爱采购,其他,条码打印机,2026-01-17
821,POSTEK博思德 E | Ei系列 商业级条码打印机E200 (203 dpi）USB+串口,1020.0,深圳市易臻电子科技有限公司,百度爱采购,其他,条码打印机,2026-01-17
822,RFID桌面条码打印机 兼容多种芯片类型 制造领域管理,7699.0,深圳市睿丰厚德物联网科技有限公司,百度爱采购,其他,条码打印机,2026-01-17
823,条码打印机 博思得 G-2108 工业级标签打印机 二维码打印机,1800.0,西安艾创物联科技有限公司,百度爱采购,其他,条码打印机,2026-01-17
824,芯烨XP-451打印机 主机自带切刀 不干胶快递面单吊牌标签条码打印机,1500.0,温州钰林文化用品有限公司,百度爱采购,其他,条码打印机,2026-01-17
825,成 都超市打印机 商场收银机TSC244条码打印机立像,1050.0,成都中思科技有限公司,百度爱采购,其他,条码打印机,2026-01-17
826,高清条码打印机 1200dpi 可变条码可扫描 厂家直供 现货,3980.0,合肥惠佰数码科技有限公司,百度爱采购,其他,条码打印机,2026-01-17
827,TSC TTP-244Pro 条码打印机标签机合格证服装吊牌 咨询下单,889.0,北京云祥鼎泰科技有限公司,百度爱采购,其他,条码打印机,2026-01-17
828,冠威 混合基碳带 条码标签打印机专用 规格齐全,1.08,苏州冠威热敏纸有限公司,百度爱采购,其他,条码打印机,2026-01-17
829,印佳彩 三防热敏纸标签纸 条码打印机不干胶标签定制厂家,0.04,佛山市顺德区印佳彩标签有限公司,百度爱采购,其他,条码打印机,2026-01-17
830,条码打印机 热敏标签打印机 双通道打印 300dpi,3199.99,广州市宝比万像科技有限公司,百度爱采购,其他,条码打印机,2026-01-17
831,博思得Postek TX2/TX3/TX6高性能条码打印机/标签打印机,30000.0,深圳市谷得条码技术有限公司,百度爱采购,其他,条码打印机,2026-01-17
832,ZEBRA ZT620宽幅条码打印机203dpi/300dpi精度工业不干胶标签打印,21000.0,深圳市奥深条码技术有限公司,百度爱采购,其他,条码打印机,2026-01-17
833,POSTEK博思得GX3工业级条码打印机 资产管理水洗唛标签打印机,4690.0,西安汉信自动识别技术有限公司,百度爱采购,其他,条码打印机,2026-01-17
834,桌面型条码打印机 热敏快递物流电子面单 速度快,1380.0,郑州铁信智慧商贸有限公司,百度爱采购,电子,条码打印机,2026-01-17
835,二维码彩色标签打印机 条码可变 小字清晰 生鲜食品专用 惠佰数科,45000.0,合肥惠佰数码科技有限公司,百度爱采购,其他,条码打印机,2026-01-17
836,供应博思德通用型条码打印机G2108和G3106不干胶标签纸打印机,2800.0,深圳市易臻电子科技有限公司,百度爱采购,其他,条码打印机,2026-01-17
837,SATO CL4NX 203dpi通用型4英寸智能条码打印机边扫码边打印,6400.0,南京旭生电子信息技术有限公司,百度爱采购,其他,条码打印机,2026-01-17
838,小型手持移动蓝牙无线wifi58mm热敏不干胶标签便携式条码打印机,120.0,佛山市欧睿智能科技有限公司,百度爱采购,其他,条码打印机,2026-01-17
839,斑 ullGX430T条码打印机300dpi 多功能好用条码标签打印机,3580.0,深圳市锋睿条码科技技术有限公司,百度爱采购,其他,条码打印机,2026-01-17
840,钻石级反光贴一级五类全棱镜交通标志V类国标反光膜道路标牌,37.0,东莞市路嘉反光材料有限公司,百度爱采购,其他,标牌类,2026-01-17
841,森景精钢软瓷木景区户外文化展示类标牌 可按需定制 品质保证,150.0,石家庄九铭金属制品有限公司,百度爱采购,其他,标牌类,2026-01-17
842,3M4097绿色钻石反光膜5类道路交通标牌反光标牌定制,183.0,江苏麦凯贴工业品科技有限公司,百度爱采购,其他,标牌类,2026-01-17
843,【启航标牌】遗址类公园系列标识 耐候钢仿古做旧生锈工艺标识牌,188.0,河南启航标牌有限公司,百度爱采购,其他,标牌类,2026-01-17
844,秋枫标牌铭牌定制 多类场景适用 工程级反光膜 50年寿命 坚固耐用,2.0,佛山市秋枫标牌有限公司,百度爱采购,其他,标牌类,2026-01-17
845,都美 制作电力标牌 电力设备设施及电力工程适用 金属类,1.88,青岛都美标识有限公司,百度爱采购,设备,标牌类,2026-01-17
846,红色景区标志标牌 旅游区标识 度假村文化类装饰摆件 悠悠广告,300.0,河南悠悠广告有限公司,百度爱采购,其他,标牌类,2026-01-17
847,标识标牌设计 警示类禁止类标志广告牌 棕色景区指路牌,10.0,四川鑫亿方环保工程有限公司,百度爱采购,其他,标牌类,2026-01-17
848,汉华轩制作地产导示 黄铜指示牌 铜腐蚀标牌 提示类标识 前台立牌,999.0,北京汉华轩国际标识制品有限公司,百度爱采购,其他,标牌类,2026-01-17
849,厂家供应不锈钢标识牌 牌照类标牌定做 形状款式多样 可按需定制,1.98,东莞市誉丰标牌有限公司,百度爱采购,其他,标牌类,2026-01-17
850,交通标志牌反光类 实体工厂 高速公路标识牌 道路指示牌 健达,70.0,石家庄市健达交通设施工程有限公司,百度爱采购,其他,标牌类,2026-01-17
851,道路交通指示牌 高速用标识牌 5类牌安全路标标志牌 鑫熙制造,130.0,盐山鑫熙机械制造有限公司,百度爱采购,其他,标牌类,2026-01-17
852,禁止类铝板标识牌电力杆号牌反光警示牌相序牌定制,5.0,石家庄安科电气有限公司,百度爱采购,其他,标牌类,2026-01-17
853,高速标牌定制新标杆！国标四类反光膜+高清数码打印，3天极速交付,110.0,晋江鑫亮路反光材料有限公司,百度爱采购,其他,标牌类,2026-01-17
854,佑邦 标识标牌设计 警示类禁止类标志 工厂目视化产品,1.0,无锡市佑邦安全设备科技有限公司,百度爱采购,其他,标牌类,2026-01-17
855,道路标志牌百米反光牌4类公里牌标志交通限速牌,10.0,沧州潞牛科技有限公司,百度爱采购,其他,标牌类,2026-01-17
856,道路交通指示牌 高速用标识牌 5类牌 安全路标牌 标志牌 瑞邦浩宇,35.0,沣东新城瑞邦浩宇金属制品经营部,百度爱采购,其他,标牌类,2026-01-17
857,钻石级反光膜一级五类全棱镜交通标志V类国标反光贴道路标牌,90.0,昆山腾达胶粘制品有限公司,百度爱采购,其他,标牌类,2026-01-17
858,交通设施厂家现货 市政用4类反光标志牌 配套标杆 情报板框架 量大优,25.0,冠县坤溢交通设施有限公司,百度爱采购,其他,标牌类,2026-01-17
859,饶安收费站交通标志牌 路标指示标识牌II类III类IV类,125.0,河北饶安交通设施有限公司,百度爱采购,其他,标牌类,2026-01-17
860,澎恒铝业 航道标志牌 乙类主标志 鸣笛标 按需定制,180.0,上海澎恒铝业有限公司,百度爱采购,其他,标牌类,2026-01-17
861,道路交通标志牌 市政指示牌 交通标牌 IV类 支持定制,26.0,河北潞赞交通设施有限公司,百度爱采购,其他,标牌类,2026-01-17
862,地铁站进出口安全标识国标五类质保十年反光标牌制作,7526.0,晋江鑫亮路反光材料有限公司,百度爱采购,其他,标牌类,2026-01-17
863,高速用标识牌 5类安全牌 反光警示牌子 交通标志牌,20.0,河北潞赞交通设施有限公司,百度爱采购,其他,标牌类,2026-01-17
864,丁字交叉路口警示牌 辅助禁令标识牌 圆形600/800III类IV类反光膜,95.0,河北国城交通设施有限公司,百度爱采购,其他,标牌类,2026-01-17
865,华众交通 反光交通标志牌 道路交通标志指示牌 铝制IV类反光膜标识牌,102.0,山东冠县华众交通设施有限公司,百度爱采购,其他,标牌类,2026-01-17
866,铝制标牌用于各消费类电子产品 厂家质保 正品保证,1.0,青岛玮瑞标牌有限公司,百度爱采购,电子,标牌类,2026-01-17
867,标牌铜板蚀刻加工 饰品类工艺品定做 刻字上色定制 维枭供应,2.2,惠州市维枭五金制品有限公司,百度爱采购,其他,标牌类,2026-01-17
868,县城商场指示牌 提示警示慢行铝制5类3004标志牌拿图制作,2016.0,河北恒骋交通设施有限公司,百度爱采购,其他,标牌类,2026-01-17
869,玻璃钢格栅板出口加工 走道加厚盖板 高强度 售后无忧 源头厂家,35.0,山东华懋环保科技有限公司,百度爱采购,其他,格栅板,2026-01-17
870,冀晟平台旋转楼梯钢格栅 防滑性好 结构建筑平台格栅板,25.0,安平县冀晟金属丝网制品有限公司,百度爱采购,其他,格栅板,2026-01-17
871,加厚平台踏步板 钢墩墩异形钢格板 热镀锌格栅板,42.0,广东钢墩墩金属制造有限公司,百度爱采购,其他,格栅板,2026-01-17
872,丰旭泽生产 ybt400112007钢格栅板 热镀锌插接钢格栅 防滑格栅板,30.0,无锡丰旭泽钢格板有限公司,百度爱采购,其他,格栅板,2026-01-17
873,韦优 303/30/100热镀锌电厂平台钢格板 钢格栅 高强度 防滑抗磨,25.0,无锡韦优金属构件有限公司,百度爱采购,其他,格栅板,2026-01-17
874,光伏平台走道板 工业排污格栅板 耐磨又耐腐 稳定性好 振工,28.0,河北振工建筑材料有限公司,百度爱采购,其他,格栅板,2026-01-17
875,格栅板 树篦子网格板 地沟盖板 耐腐阻燃 耐酸碱 耐腐蚀,20.0,河北诚至环保设备有限公司,百度爱采购,其他,格栅板,2026-01-17
876,不锈钢钢格板 热镀锌格栅板 高承重钢格栅板 捷东生产厂家 定制,53.0,河北捷东钢格板制造有限公司,百度爱采购,其他,格栅板,2026-01-17
877,佳格美 防锈防腐 化工厂平台用 热镀锌钢格栅板 g325/30/100w,26.0,无锡佳格美金属构件有限公司,百度爱采购,其他,格栅板,2026-01-17
878,工作平台不锈钢格栅板结实美观 市政工程建筑施工圆形异形钢格板,23.0,安平县港润金属丝网制品有限公司,百度爱采购,其他,格栅板,2026-01-17
879,平台踏步钢格栅板 按需定制钢格板 多种规格 东驰,20.0,河北东驰丝网制品有限公司,百度爱采购,其他,格栅板,2026-01-17
880,航程销售 热镀锌钢格板 防滑 走道踏步板格栅板 水沟盖板,51.0,保定航程净化板科技有限公司,百度爱采购,其他,格栅板,2026-01-17
881,热镀锌格栅板303/30/100 钢结构平台格栅板 钢格栅板,115.0,安平县泰江丝网制品有限公司,百度爱采购,其他,格栅板,2026-01-17
882,鑫鹏批发玻璃钢格栅板 市政树篦子 洗车房拼接格 栅板,130.0,枣强鑫鹏玻璃钢有限公司,百度爱采购,其他,格栅板,2026-01-17
883,格栅板出售 防腐美观 排水沟盖板 厂家承接大单,99.0,广西超瑞金属制品有限公司,百度爱采购,其他,格栅板,2026-01-17
884,隆鑫 直供 防火玻璃钢格栅板 规格齐全 按需定制 源头供应,6.0,河北隆鑫复合材料有限公司,百度爱采购,其他,格栅板,2026-01-17
885,天泰 人工焊接钢格板 异形图案格栅板 工业平台钢格栅,75.0,安平县天泰金属制品有限公司,百度爱采购,其他,格栅板,2026-01-17
886,玻璃钢格栅 模压工艺 洗车房用格栅板 抗压强度高,30.0,河北有良新材料科技有限公司,百度爱采购,其他,格栅板,2026-01-17
887,丰腾 洗车房格栅 地沟格栅板 承重力强 规格多种,33.0,枣强县丰腾环保玻璃钢制品厂,百度爱采购,其他,格栅板,2026-01-17
888,排水沟互插钢格板 玻璃钢格栅 钢格栅板标准 格栅板,33.0,枣强县丰旺玻璃钢制品经销处,百度爱采购,其他,格栅板,2026-01-17
889,玻璃钢格栅厂家 格栅板盖板 九星环保 规格齐全,45.0,河北九星玻璃钢有限公司,百度爱采购,其他,格栅板,2026-01-17
890,绿化树篦子 金辉 玻璃钢格栅板 地沟格栅板 防滑透光,60.0,枣强金辉玻璃钢有限公司,百度爱采购,其他,格栅板,2026-01-17
891,长城板幕墙装饰 氟碳喷涂护墙格栅板 性能稳定 昌亦成,70.0,杭州昌亦成建筑材料有限公司,百度爱采购,其他,格栅板,2026-01-17
892,38*38*38光伏走道平台铺砂防滑玻璃钢格栅板,78.0,河北腾跃环保设备有限公司,百度爱采购,其他,格栅板,2026-01-17
893,玻璃钢格栅板出口加工 国标格栅 高强度 颜色可定制 源头厂家,35.0,山东华懋环保科技有限公司,百度爱采购,其他,格栅板,2026-01-17
894,格栅板 钢结构平台排水用热镀锌网格板 节省工期,56.0,佛山市南海鑫宇飞筛网有限公司,百度爱采购,其他,格栅板,2026-01-17
895,热镀锌钢格栅板 不锈钢排水沟盖板 各尺寸支持定制 现货销售,109.0,沧州键乾管道设备有限公司,百度爱采购,其他,格栅板,2026-01-17
896,热镀锌齿形格栅板采用Q235材质外表美观具有防滑效果,35.0,安平县赛鑫丝网制品有限公司,百度爱采购,其他,格栅板,2026-01-17
897,庆贺 玻璃钢格栅板生产 市政建设用 排水沟地漏格栅 方便切割,28.0,河北庆贺玻璃钢有限公司,百度爱采购,其他,格栅板,2026-01-17
898,微机全自动量热仪 定硫仪 水分测定仪 金牌商家全国发货,2000.0,鹤壁市冶金机械设备有限公司,百度爱采购,其他,水分仪,2026-01-17
899,石化露点检测仪 HT-PD310便携式露点仪 食品露点分析仪 水分仪,29800.0,成都鸿瑞韬科技有限公司,百度爱采购,其他,水分仪,2026-01-17
900,氯化物水质监测仪 水质检测设备批发 食品厂分析仪器厂家 鸿光,25000.0,南京鸿光环保科技有限公司,百度爱采购,设备,水分仪,2026-01-17
901,恒丰仪器全自动工业分析仪煤炭灰分挥发分水分固定碳检测化验设备,5000.0,鹤壁市恒丰煤质分析设备有限公司,百度爱采购,设备,水分仪,2026-01-17
902,虹润 工业pH计在线监测仪水库河道污水ORP酸碱度水质分析检测仪表,1020.0,福建顺昌虹润精密仪器有限公司,百度爱采购,其他,水分仪,2026-01-17
903,卡尔费休水分仪 卡 尔费 休容量法水分 仪 库伦法,4500.0,环球上清（北京）科技有限公司,百度爱采购,其他,水分仪,2026-01-17
904,上清科技高精度卤素水分仪SQSF-50L水分仪器,9100.0,北京瑞析科技有限公司,百度爱采购,其他,水分仪,2026-01-17
905,GLT-MW6000型整包微波水分仪 测量精度高 发射能量低 内在水分检测,90000.0,山东格尔特环境科技有限公司,百度爱采购,其他,水分仪,2026-01-17
906,雷磁DZB-715型原位水质监测仪/便携式水质分析仪,68000.0,上海仪电科学仪器股份有限公司,百度爱采购,其他,水分仪,2026-01-17
907,先驱威锋 卡尔费休水分测定仪 容量法水分仪 卡氏水分测试仪,100000.0,北京先驱威锋技术开发公司,百度爱采购,其他,水分仪,2026-01-17
908,卤素水分测量仪 触摸屏水分仪 金属粉末 塑料粒子水 分仪 天研,1600.0,山东天研仪器有限公司,百度爱采购,其他,水分仪,2026-01-17
909,含水率测定仪 水分分析仪 近红外水分仪 固含量检测仪,1500.0,无锡徽科特测控技术有限公司,百度爱采购,其他,水分仪,2026-01-17
910,教学科研 实验室水分仪 预制试剂直接检测 操作简便易用,6000.0,环球上清（北京）科技有限公司,百度爱采购,实验室,水分仪,2026-01-17
911,卡尔费休水分仪 滴定法微量水分测定仪 油液水 分检测仪,4800.0,山东海曼科学仪器有限公司,百度爱采购,其他,水分仪,2026-01-17
912,KIMO 便携式建材水分仪木材水分测定仪测量仪,5000.0,河北祝融环境科技有限公司,百度爱采购,其他,水分仪,2026-01-17
913,卡尔费休水分测定仪 容量法水分仪 卡氏水分测试仪上清科技,4500.0,环球上清（北京）科技有限公司,百度爱采购,其他,水分仪,2026-01-17
914,铧正全自动微量水分测定仪 卡尔费休水分仪HZWS-Z6 外贸跨境供应,30000.0,保定市铧正电气制造有限公司,百度爱采购,其他,水分仪,2026-01-17
915,无纺布快速水份测定仪 纸张水分仪 纸尿裤水分含量测试仪 配件,1000.0,济南三泉中石实验仪器有限公司,百度爱采购,其他,水分仪,2026-01-17
916,卡尔费休水分仪 库仑法微量水分测定仪 灵敏度高 溶剂水分检测仪,4800.0,山东莱恩德智能科技有限公司,百度爱采购,其他,水分仪,2026-01-17
917,自然射线灰分仪 预留水分仪接口实时灰分水分流量热值数据以太网,20000.0,山东同创仪表有限公司,百度爱采购,其他,水分仪,2026-01-17
918,卤素水分称量仪 快速水分仪 自动 称量计 水分计,1000.0,一测仪器设备（河北）有限公司,百度爱采购,其他,水分仪,2026-01-17
919,塑料快速水分仪测定仪食品卤素水分测量仪粮食玉米茶叶水份测试仪,2380.0,深圳迈德施生物科技有限公司,百度爱采购,其他,水分仪,2026-01-17
920,水分测试仪SF-150卤素快递水分仪 塑料水分测试设备,4800.0,东莞市禧隆电工机械设备有限公司,百度爱采购,设备,水分仪,2026-01-17
921,容量法卡尔费休水分仪 YP-KFV1 卡尔费休水分分析仪 优云谱,100.0,山东优云谱光电科技有限公司,百度爱采购,其他,水分仪,2026-01-17
922,国电华美 HM401 全自动油微量水分测定仪 水分仪,2000.0,武汉国电华美电气设备有限公司,百度爱采购,其他,水分仪,2026-01-17
923,红外水分测定仪MA35M-1CN230V1 赛多利斯固体液体水分仪,19300.0,苏州金钻称重设备系统开发有限公司,百度爱采购,其他,水分仪,2026-01-17
924,水分仪 容量滴定法卡氏水分仪器 卡尔-费休滴定仪,3900.0,华熙昕 ull分析仪器有限公司,百度爱采购,其他,水分仪,2026-01-17
925,【电商】MRO供应链日本AND爱安德 MF-50 热干水分仪,8500.0,深圳电商商业股份有限公司,百度爱采购,其他,水分仪,2026-01-17
926,CEM华盛昌DT-129湿度水分仪木材测湿仪水分测试仪,726.78,深圳云威网络科技有限公司,百度爱采购,其他,水分仪,2026-01-17
927,4×60m水泥回转窑的技术参数 宏科设计了成套设备配置介绍,250000.0,河南宏科重工机械设备有限公司,百度爱采购,设备,水泥,2026-01-17
928,堵漏王母料-堵漏水泥 可定制生产 品种多样 YH厂家专用,700.0,郑州市中泰工程特材科技有限公司,百度爱采购,其他,水泥,2026-01-17
929,白色硅酸盐水泥425道路工程桥梁建筑用 环保无污染高白度白水泥,0.85,灵寿县佳信矿产品加工厂,百度爱采购,其他,水泥,2026-01-17
930,硫铝酸盐水泥 凝结快 高强度防水抢修 道路修补料压浆料 假山专用水 泥,850.0,石家庄建涂新材料科技有限公司,百度爱采购,其他,水泥,2026-01-17
931,超快硬水泥 快速固结成型 短时脱模 适应紧急工程需求,500.0,晋州市百信商贸有限公司,百度爱采购,其他,水泥,2026-01-17
932,525硫铝酸盐水泥 道路修补料专用快硬酸盐水 泥系列 黄云河,850.0,河南永安桥隧建材有限公司,百度爱采购,其他,水泥,2026-01-17
933,质感微水泥 易清洁 耐久性强 增添建筑物的美感,200.0,南京铭威新材料科技有限公司,百度爱采购,其他,水泥,2026-01-17
934,超 细水 泥的特性及用途 microcement超细水泥 全国就近工厂发货,1060.0,郑州匠维新材料有限公司,百度爱采购,其他,水泥,2026-01-17
935,黄腾建材 抗返潮性好 硬化速度快 附近自流平水泥,1698.0,南昌市黄腾建材有限公司,百度爱采购,其他,水泥,2026-01-17
936,复合硅酸盐水泥 生产厂家 库存充足 发货速度快 郑金建材,330.0,郑州郑金建材有限公司,百度爱采购,其他,水泥,2026-01-17
937,42.5级 低碱度硫铝酸盐水泥 凝固快 强度高 快干快硬水泥 15分钟凝固,750.0,郑州鑫密熔料有限公司,百度爱采购,其他,水泥,2026-01-17
938,膨胀水泥 库存充足 品牌多样 用途广泛防水性好 顺源,60.0,北京鑫聚兴顺源化工产品有限公司,百度爱采购,其他,水泥,2026-01-17
939,永欣胜 速干水泥批发 工程适用 服务完善 全国供应,500.0,成都永欣胜建材有限公司,百度爱采购,其他,水泥,2026-01-17
940,铝酸盐水泥铝酸钙水泥CA50 高铝矾土熟料 鑫聚兴,15.0,北京鑫聚兴顺源化工产品有限公司,百度爱采购,其他,水泥,2026-01-17
941,保证时效 工业级膨胀水泥 硫铝酸盐水泥 材料膨大作用,1000.0,郑州市建文特材科技有限公司,百度爱采购,其他,水泥,2026-01-17
942,PSA32.5水泥 粘结力强 品类齐全 发货快 建筑材料 厂家直供,100.0,天津中天鸿途建筑材料销售有限公司,百度爱采购,其他,水泥,2026-01-17
943,自流平水泥 优异的耐磨性 货源充足 不易沾染污渍 家家安,150.0,江苏雄鹰建材科技有限公司,百度爱采购,其他,水泥,2026-01-17
944,厂家质保 货到付款 供应 高强度封孔水泥 使用方便,1000.0,中重智能装备有限公司,百度爱采购,其他,水泥,2026-01-17
945,铝酸盐水泥 出厂价直供CA50/60/70/80耐火水泥各种强度标号,1850.0,郑州科瑞耐火材料有限公司,百度爱采购,其他,水泥,2026-01-17
946,北 京袋装水泥 品质保证 - 适用于建筑工地基础施工批发,15.0,北京鑫敬成建材有限公司,百度爱采购,其他,水泥,2026-01-17
947,快硬硫铝酸盐水泥 快干水泥 强度42.5级 用于抢修工程,1.25,武汉吉业升化工有限公司,百度爱采购,其他,水泥,2026-01-17
948,散装水泥活性高粘结时间快快凝快硬施工性能好,380.0,广州市欣烨建材有限公司,百度爱采购,其他,水泥,2026-01-17
949,抗渗水泥 厂家批发高强自流平流动性高 支持加工定做,1400.0,石家庄瑞和安建筑材料有限公司,百度爱采购,其他,水泥,2026-01-17
950,乾宇 白水泥 批发 无结块 无杂质 建筑用 服务优良,820.0,灵寿县乾宇矿产品加工厂,百度爱采购,其他,水泥,2026-01-17
951,做耐火材料原料用的耐火水泥 高铝水泥 725铝酸盐水泥定制,2800.0,郑州科瑞耐火材料有限公司,百度爱采购,其他,水泥,2026-01-17
952,白水泥 建筑装饰材料装饰用白色水 泥32.5 防水耐水 详情可咨询,0.75,石家庄马跃建材有限公司,百度爱采购,其他,水泥,2026-01-17
953,湖 北 汉 阳 325 425水泥批发 工地直发 厂家直供 砖沙一站供应,20.0,福州工辅建筑科技有限公司,百度爱采购,其他,水泥,2026-01-17
954,建筑品牌灰色中热水泥 厂家直供现货 支持配送,100.0,石家庄兴偌建材销售有限公司,百度爱采购,其他,水泥,2026-01-17
955,娲石 M32.5 沙子水泥厂家 免费拿样快速发货 货源充足,300.0,娲石水泥集团有限公司,百度爱采购,其他,水泥,2026-01-17
956,雷磁COD-583型在线高锰酸盐指数监测仪 水质分析仪,1000000.0,上海仪电科学仪器股份有限公司,百度爱采购,其他,水质测试仪,2026-01-17
957,虹润 pH计在线监测仪水库河道工业电极污水ORP酸碱度水质分析检测,1020.0,福建顺昌虹润精密仪器有限公司,百度爱采购,其他,水质测试仪,2026-01-17
958,水质PH值传感器 工业级水质测试仪 ORP电极探头 在线监测精准度高,623.0,山东中天宇信信息技术有限公司,百度爱采购,其他,水质测试仪,2026-01-17
959,便携多参数水质检测仪 水质分析仪 IN-B100 水质测试仪,10600.0,山东来因光电科技有限公司,百度爱采购,其他,水质测试仪,2026-01-17
960,多参数水质分析仪 现场执法取证模块 蓝景 LJ-B100M,29600.0,山东蓝景电子科技有限公司,百度爱采购,其他,水质测试仪,2026-01-17
961,工业在线pH计检测仪 控制器水质测试仪ORP电极探头,120.0,河南秉晟实业有限公司,百度爱采购,其他,水质测试仪,2026-01-17
962,水质PH值传感器 工业级水质测试仪 ORP电极探头 在线监测精准度高,8000.0,北京双晖京承电子产品有限公司,百度爱采购,其他,水质测试仪,2026-01-17
963,TOC总有机碳分析仪器 制药用水离线型水质测试仪,300000.0,珠海市澳翔科技有限公司,百度爱采购,其他,水质测试仪,2026-01-17
964,水质测试仪 多参数监测养殖泳池氨氮浊度悬浮物在线水质检测仪,500.0,智测云联（青岛）智能科技有限公司,百度爱采购,其他,水质测试仪,2026-01-17
965,贯奥水质测试仪电导率COD氨氮溶解氧重金属水质检测仪,16000.0,郑州贯奥仪器仪表有限公司,百度爱采购,其他,水质测试仪,2026-01-17
966,余氯分析仪厂家 具备报警和预警功能 鸿光环保水质测试仪,25000.0,南京鸿光环保科技有限公司,百度爱采购,其他,水质测试仪,2026-01-17
967,水质六价铬重金属检测仪 便携式多功能水质测试仪-水质分析仪,76000.0,苏州福佰特仪器科技有限公司,百度爱采购,其他,水质测试仪,2026-01-17
968,便携式悬浮物测定仪 化工污水废水循环水浊度色度分析仪 水质测试仪,12800.0,深圳迈德施生物科技有限公司,百度爱采购,其他,水质测试仪,2026-01-17
969,日本 笠原化学 KASAHARA DP-7Z 水质测试仪 DP-3F 余氯计,5210.0,藤野贸易（广州）有限公司,百度爱采购,其他,水质测试仪,2026-01-17
970,饮用水水质测试仪天尔余氯二氧化氯浊度微生物消毒剂分析仪,160.0,天津天尔环保科技有限公司,百度爱采购,其他,水质测试仪,2026-01-17
971,污水多参数水质快速检测仪 天尔TE-1600pLus便携式水质测试仪,2500.0,天尔分析仪 ull有限公司,百度爱采购,其他,水质测试仪,2026-01-17
972,便携式多参数余氯/PH/溶解氧/亚硝酸盐/碱度/硬度水质测试仪,5000.0,北京京象环境科技有限公司,百度爱采购,其他,水质测试仪,2026-01-17
973,在线pH数字电极酸度计水质测试仪工业酸碱强酸强碱传感器玻璃探头,2788.0,上海约安水技术有限公司,百度爱采购,其他,水质测试仪,2026-01-17
974,冀申 EC1800电导率仪表 水质测试仪 工业在线测量套装厂家,100.0,石家庄冀申同创科技有限公司,百度爱采购,其他,水质测试仪,2026-01-17
975,盛奥华 管比色测定COD检测仪 环境工程 实验室户外便携式水质测试仪,320.0,江苏盛奥华环保科技有限公司,百度爱采购,实验室,水质测试仪,2026-01-17
976,在线pH计检测仪工业 水质测试仪 传感器 电极探头ORP 酸度计工厂,1600.0,四川凯立森仪表制造有限公司,百度爱采购,其他,水质测试仪,2026-01-17
977,数显台式pH计 便携式实验室污水水质测试仪PHS-2F 外贸跨境,5000.0,保定市铧正电气制造有限公司,百度爱采购,实验室,水质测试仪,2026-01-17
978,多参数水质测试仪 水质检测常规五参数测定仪 天尔污水分析仪,5500.0,天尔分析仪 ull有限公司,百度爱采购,其他,水质测试仪,2026-01-17
979,新业环保 XY-3Z五参数水质测试仪 多参数水质检测仪,799.0,青岛新业环保科技有限公司,百度爱采购,其他,水质测试仪,2026-01-17
980,pH计检测仪控制器工业水质测试仪ORP电极探头pH值传感器可定制,888.0,无锡浦光仪表有限公司,百度爱采购,其他,水质测试仪,2026-01-17
981,Multi 9310IDS水质仪 Turb750浊度仪 Multi9420 9430多参数水质测试仪,16200.0,青岛辰飞环保科技有限公司,百度爱采购,其他,水质测试仪,2026-01-17
982,工业在线pH计检测仪 控制器水质测试仪ORP电极探头 pH值传感器,175.0,厦门精川智能科技股份有限公司,百度爱采购,其他,水质测试仪,2026-01-17
983,XY-DZB多参数水质测试仪 测量水中溶解氧 氨氮等参数的检测 新业环保,4500.0,青岛新业环保科技有限公司,百度爱采购,其他,水质测试仪,2026-01-17
984,便携式水中总碱度检测仪 MH-ZJD 鸣辉科技 水质测试仪,3200.0,杭州鸣辉科技有限公司,百度爱采购,其他,水质测试仪,2026-01-17
985,旭茂 草坪填充沙子 陶粒砂 膨胀率低 精致打造 品质卓越,700.0,灵寿县旭茂铸造材料有限公司,百度爱采购,其他,沙子,2026-01-17
986,全丰矿产供应优质雪花白沙子 人造沙滩用白砂子,450.0,灵寿县全丰矿产品加工厂,百度爱采购,其他,沙子,2026-01-17
987,玖隆染色彩砂 景区造景网红砂粉色沙子 无毒 儿童娱乐,340.0,石家庄玖隆建筑工程有限公司,百度爱采购,其他,沙子,2026-01-17
988,磐晟喷砂除锈石英砂草坪填充白沙儿童沙画用白色沙子水处理滤料,350.0,灵寿县磐晟矿产品有限公司,百度爱采购,其他,沙子,2026-01-17
989,供应无尘白沙子 儿童游乐场用白色沙子 沙画沙疗用样品免费,220.0,灵寿县永顺矿产品加工厂,百度爱采购,其他,沙子,2026-01-17
990,光辉厂家批发直供白砂 雪花白沙子 纯白色白砂粉工业级用料,410.0,河北辉浩环保科技有限公司,百度爱采购,其他,沙子,2026-01-17
991,室外造景白砂子 20-30目雪花白石英砂 景区沙滩雪花白沙子,200.0,石家庄拓巨矿产品有限公司,百度爱采购,其他,沙子,2026-01-17
992,染色彩砂瓶装沙画网红沙滩工艺品制造景观造景72色彩色沙子,0.8,灵寿县创诚矿业有限公司,百度爱采购,其他,沙子,2026-01-17
993,真石漆汉白玉地坪沙子优质雪花白砂子 人造沙滩用纯白色白沙子,600.0,灵寿县鸿涛矿产品加工厂,百度爱采购,其他,沙子,2026-01-17
994,灵开达厂家批发 佛堂香炉专用金玉明砂 沙滩造景用彩色沙子染色砂,400.0,石家庄灵开达环保科技有限公司,百度爱采购,其他,沙子,2026-01-17
995,微景观装饰石子沙子 水族景观染色小石头不掉色五彩石 智睿,1200.0,河北智睿矿产品加工有限公司,百度爱采购,其他,沙子,2026-01-17
996,厂家供应环氧草坪雪花白沙子 真石漆涂料用白沙 园林装饰白石子,0.2,灵寿县奥红矿产品经营部,百度爱采购,其他,沙子,2026-01-17
997,爱宏矿产沙疗用沙子 圆粒沙生产厂家 物流发货,230.0,石家庄爱宏矿产品有限公司,百度爱采购,其他,沙子,2026-01-17
998,高温烧结染色彩砂 微景观装饰彩色沙子 儿童娱乐天然彩砂沙画沙子,300.0,灵寿县海滨矿产品贸易有限公司,百度爱采购,其他,沙子,2026-01-17
999,昌森供应 真石漆用 雪花白砂 儿童娱乐砂20-40目 人工沙滩白色沙子,300.0,灵寿县昌森矿产品有限公司,百度爱采购,其他,沙子,2026-01-17
1000,粉砂批发彩砂 粉色沙子 无动力人工沙滩场地用 颜色多样,0.45,灵寿县永不止步矿产品经营部,百度爱采购,其他,沙子,2026-01-17
